"店舗コード","店舗名","直営店/フランチャイズ","営業日","アメリカン・エキスプレス(売上金額)","アメリカン・エキスプレス(件数)","JCB(売上金額)","JCB(件数)","VISA(売上金額)","VISA(件数)","MasterCard(売上金額)","MasterCard(件数)","MUFGカード(売上金額)","MUFGカード(件数)","クレジットカード(売上金額)","クレジットカード(件数)","ダイナースクラブ(売上金額)","ダイナースクラブ(件数)","DISCOVER(売上金額)","DISCOVER(件数)","銀聯(売上金額)","銀聯(件数)","クレジット(売上金額)","クレジット(件数)","VIsa,MasterCard(売上金額)","VIsa,MasterCard(件数)","DinersClub(売上金額)","DinersClub(件数)","AMEX(売上金額)","AMEX(件数)","iD(売上金額)","iD(件数)",
001,ヌーベルプース大倉山 - REPOS,直営店,20250501,￥51700,1,￥38746,3,￥58000,2,￥3150,2,￥113610,5,￥0,0,￥0,0,￥0,0,￥0,0,￥0,0,￥0,0,￥0,0,￥0,0,￥0,0
001,ヌーベルプース大倉山 - REPOS,直営店,20250502,￥117370,2,￥0,0,￥27190,2,￥21730,4,￥0,0,￥44400,3,￥0,0,￥0,0,￥0,0,￥0,0,￥0,0,￥0,0,￥0,0,￥0,0
001,ヌーベルプース大倉山 - REPOS,直営店,20250503,￥43230,1,￥76900,3,￥153500,10,￥4050,2,￥0,0,￥0,0,￥0,0,￥0,0,￥0,0,￥0,0,￥0,0,￥0,0,￥0,0,￥0,0
001,ヌーベルプース大倉山 - REPOS,直営店,20250504,￥0,0,￥344829,7,￥26630,2,￥0,0,￥195750,7,￥0,0,￥0,0,￥0,0,￥0,0,￥0,0,￥0,0,￥0,0,￥0,0,￥0,0
001,ヌーベルプース大倉山 - REPOS,直営店,20250505,￥0,0,￥230240,8,￥30550,7,￥31790,1,￥94310,3,￥0,0,￥91850,1,￥0,0,￥0,0,￥0,0,￥0,0,￥0,0,￥0,0,￥0,0
001,ヌーベルプース大倉山 - REPOS,直営店,20250506,￥0,0,￥1200,1,￥450,1,￥5510,4,￥0,0,￥0,0,￥0,0,￥0,0,￥0,0,￥0,0,￥0,0,￥0,0,￥0,0,￥0,0
001,ヌーベルプース大倉山 - REPOS,直営店,20250507,￥0,0,￥0,0,￥0,0,￥0,0,￥0,0,￥0,0,￥0,0,￥0,0,￥0,0,￥0,0,￥0,0,￥0,0,￥0,0,￥0,0
001,ヌーベルプース大倉山 - REPOS,直営店,20250508,￥0,0,￥63030,4,￥12390,2,￥1850,1,￥30000,1,￥0,0,￥0,0,￥0,0,￥0,0,￥0,0,￥0,0,￥0,0,￥0,0,￥0,0
001,ヌーベルプース大倉山 - REPOS,直営店,20250509,￥0,0,￥52030,2,￥19790,2,￥21010,3,￥0,0,￥0,0,￥0,0,￥0,0,￥0,0,￥0,0,￥0,0,￥0,0,￥0,0,￥0,0
001,ヌーベルプース大倉山 - REPOS,直営店,20250510,￥20460,1,￥33250,4,￥41610,4,￥49060,3,￥31540,1,￥0,0,￥0,0,￥0,0,￥0,0,￥0,0,￥0,0,￥0,0,￥0,0,￥0,0
001,ヌーベルプース大倉山 - REPOS,直営店,20250511,￥0,0,￥61940,1,￥140060,3,￥36850,1,￥47050,2,￥33550,1,￥0,0,￥0,0,￥0,0,￥0,0,￥0,0,￥0,0,￥0,0,￥0,0
001,ヌーベルプース大倉山 - REPOS,直営店,20250512,￥5170,1,￥2850,1,￥113840,11,￥37840,4,￥0,0,￥0,0,￥0,0,￥0,0,￥0,0,￥0,0,￥0,0,￥0,0,￥0,0,￥0,0
001,ヌーベルプース大倉山 - REPOS,直営店,20250513,￥1600,1,￥0,0,￥2600,2,￥0,0,￥0,0,￥0,0,￥0,0,￥0,0,￥0,0,￥0,0,￥0,0,￥0,0,￥0,0,￥0,0
001,ヌーベルプース大倉山 - REPOS,直営店,20250514,￥0,0,￥0,0,￥0,0,￥0,0,￥0,0,￥0,0,￥0,0,￥0,0,￥0,0,￥0,0,￥0,0,￥0,0,￥0,0,￥0,0
001,ヌーベルプース大倉山 - REPOS,直営店,20250515,￥14400,2,￥3630,1,￥12680,4,￥29590,2,￥0,0,￥0,0,￥0,0,￥0,0,￥0,0,￥0,0,￥0,0,￥0,0,￥0,0,￥0,0
001,ヌーベルプース大倉山 - REPOS,直営店,20250516,￥10010,1,￥8250,4,￥32950,6,￥40820,3,￥0,0,￥0,0,￥0,0,￥0,0,￥0,0,￥0,0,￥0,0,￥0,0,￥0,0,￥0,0
001,ヌーベルプース大倉山 - REPOS,直営店,20250517,￥0,0,￥25940,11,￥48220,23,￥2300,3,￥0,0,￥0,0,￥0,0,￥0,0,￥0,0,￥0,0,￥0,0,￥0,0,￥0,0,￥0,0
001,ヌーベルプース大倉山 - REPOS,直営店,20250518,￥1500,1,￥83680,3,￥45820,3,￥28770,2,￥0,0,￥0,0,￥37840,1,￥0,0,￥0,0,￥0,0,￥0,0,￥0,0,￥0,0,￥0,0
001,ヌーベルプース大倉山 - REPOS,直営店,20250519,￥3350,2,￥0,0,￥15790,2,￥500,1,￥0,0,￥0,0,￥0,0,￥0,0,￥0,0,￥0,0,￥0,0,￥0,0,￥0,0,￥0,0
001,ヌーベルプース大倉山 - REPOS,直営店,20250520,￥0,0,￥61220,5,￥0,0,￥66060,3,￥0,0,￥0,0,￥6600,1,￥0,0,￥0,0,￥0,0,￥0,0,￥0,0,￥0,0,￥0,0
001,ヌーベルプース大倉山 - REPOS,直営店,20250521,￥0,0,￥0,0,￥0,0,￥0,0,￥0,0,￥0,0,￥0,0,￥0,0,￥0,0,￥0,0,￥0,0,￥0,0,￥0,0,￥0,0
001,ヌーベルプース大倉山 - REPOS,直営店,20250522,￥0,0,￥25580,5,￥11660,3,￥650,1,￥0,0,￥0,0,￥0,0,￥0,0,￥0,0,￥0,0,￥0,0,￥0,0,￥0,0,￥0,0
001,ヌーベルプース大倉山 - REPOS,直営店,20250523,￥16000,1,￥232460,5,￥22650,4,￥0,0,￥20000,1,￥0,0,￥0,0,￥0,0,￥0,0,￥0,0,￥0,0,￥0,0,￥0,0,￥0,0
001,ヌーベルプース大倉山 - REPOS,直営店,20250524,￥0,0,￥400,1,￥500,1,￥0,0,￥0,0,￥0,0,￥0,0,￥0,0,￥0,0,￥0,0,￥0,0,￥0,0,￥0,0,￥0,0
001,ヌーベルプース大倉山 - REPOS,直営店,20250525,￥0,0,￥2980,3,￥7360,6,￥800,1,￥0,0,￥0,0,￥0,0,￥0,0,￥0,0,￥0,0,￥0,0,￥0,0,￥0,0,￥0,0
001,ヌーベルプース大倉山 - REPOS,直営店,20250526,￥0,0,￥18700,1,￥9080,4,￥12040,3,￥0,0,￥0,0,￥0,0,￥0,0,￥0,0,￥0,0,￥0,0,￥0,0,￥0,0,￥0,0
001,ヌーベルプース大倉山 - REPOS,直営店,20250527,￥1100,1,￥4000,2,￥7490,4,￥8800,1,￥294000,1,￥0,0,￥0,0,￥0,0,￥0,0,￥0,0,￥0,0,￥0,0,￥0,0,￥0,0
001,ヌーベルプース大倉山 - REPOS,直営店,20250528,￥0,0,￥1650,1,￥3410,1,￥0,0,￥0,0,￥0,0,￥0,0,￥0,0,￥0,0,￥0,0,￥0,0,￥0,0,￥0,0,￥0,0
001,ヌーベルプース大倉山 - REPOS,直営店,20250529,￥27610,1,￥0,0,￥30410,4,￥36850,2,￥0,0,￥0,0,￥0,0,￥0,0,￥0,0,￥0,0,￥0,0,￥0,0,￥0,0,￥0,0
001,ヌーベルプース大倉山 - REPOS,直営店,20250530,￥0,0,￥32560,3,￥57480,8,￥10350,7,￥0,0,￥0,0,￥0,0,￥0,0,￥0,0,￥0,0,￥0,0,￥0,0,￥0,0,￥0,0
001,ヌーベルプース大倉山 - REPOS,直営店,20250531,￥2700,2,￥0,0,￥6000,5,￥0,0,￥0,0,￥0,0,￥0,0,￥0,0,￥0,0,￥0,0,￥0,0,￥0,0,￥0,0,￥0,0
001,ヌーベルプース大倉山 - REPOS,直営店,20250601,￥17930,1,￥51440,2,￥140270,9,￥15840,1,￥40700,1,￥0,0,￥0,0,￥0,0,￥0,0,￥0,0,￥0,0,￥0,0,￥0,0,￥0,0
001,ヌーベルプース大倉山 - REPOS,直営店,20250602,￥1750,1,￥2150,1,￥59320,5,￥2350,2,￥42130,2,￥0,0,￥0,0,￥0,0,￥0,0,￥0,0,￥0,0,￥0,0,￥0,0,￥0,0
001,ヌーベルプース大倉山 - REPOS,直営店,20250603,￥1550,1,￥55450,3,￥0,0,￥5800,2,￥0,0,￥0,0,￥0,0,￥0,0,￥0,0,￥0,0,￥0,0,￥0,0,￥0,0,￥0,0
001,ヌーベルプース大倉山 - REPOS,直営店,20250604,￥0,0,￥0,0,￥0,0,￥0,0,￥0,0,￥0,0,￥0,0,￥0,0,￥0,0,￥0,0,￥0,0,￥0,0,￥0,0,￥0,0
001,ヌーベルプース大倉山 - REPOS,直営店,20250605,￥23760,1,￥36170,4,￥51820,4,￥131670,2,￥0,0,￥0,0,￥0,0,￥0,0,￥0,0,￥0,0,￥0,0,￥0,0,￥0,0,￥0,0
001,ヌーベルプース大倉山 - REPOS,直営店,20250606,￥0,0,￥450,1,￥650,1,￥0,0,￥438000,1,￥0,0,￥0,0,￥0,0,￥0,0,￥0,0,￥0,0,￥0,0,￥0,0,￥0,0
001,ヌーベルプース大倉山 - REPOS,直営店,20250607,￥0,0,￥0,0,￥0,0,￥0,0,￥0,0,￥0,0,￥0,0,￥0,0,￥0,0,￥0,0,￥0,0,￥0,0,￥0,0,￥0,0
001,ヌーベルプース大倉山 - REPOS,直営店,20250608,￥0,0,￥850,2,￥2750,3,￥0,0,￥0,0,￥0,0,￥0,0,￥0,0,￥0,0,￥0,0,￥0,0,￥0,0,￥0,0,￥0,0
001,ヌーベルプース大倉山 - REPOS,直営店,20250609,￥0,0,￥0,0,￥0,0,￥0,0,￥0,0,￥0,0,￥0,0,￥0,0,￥0,0,￥0,0,￥0,0,￥0,0,￥0,0,￥0,0
001,ヌーベルプース大倉山 - REPOS,直営店,20250610,￥0,0,￥67100,2,￥29480,1,￥0,0,￥99770,2,￥0,0,￥0,0,￥0,0,￥0,0,￥0,0,￥0,0,￥0,0,￥0,0,￥0,0
001,ヌーベルプース大倉山 - REPOS,直営店,20250611,￥0,0,￥0,0,￥0,0,￥0,0,￥0,0,￥0,0,￥0,0,￥0,0,￥0,0,￥0,0,￥0,0,￥0,0,￥0,0,￥0,0
001,ヌーベルプース大倉山 - REPOS,直営店,20250612,￥0,0,￥10560,1,￥95460,1,￥0,0,￥0,0,￥0,0,￥41900,3,￥0,0,￥0,0,￥0,0,￥0,0,￥0,0,￥0,0,￥0,0
001,ヌーベルプース大倉山 - REPOS,直営店,20250613,￥0,0,￥27850,5,￥67280,4,￥37510,2,￥0,0,￥0,0,￥0,0,￥0,0,￥0,0,￥0,0,￥0,0,￥0,0,￥0,0,￥0,0
001,ヌーベルプース大倉山 - REPOS,直営店,20250614,￥35200,1,￥66550,5,￥68810,9,￥18400,2,￥0,0,￥0,0,￥0,0,￥0,0,￥0,0,￥0,0,￥0,0,￥0,0,￥0,0,￥0,0
001,ヌーベルプース大倉山 - REPOS,直営店,20250615,￥30030,1,￥53790,3,￥72350,7,￥10800,4,￥0,0,￥35420,1,￥0,0,￥0,0,￥0,0,￥0,0,￥0,0,￥0,0,￥0,0,￥0,0
001,ヌーベルプース大倉山 - REPOS,直営店,20250616,￥30690,1,￥28600,3,￥70560,5,￥1850,3,￥0,0,￥0,0,￥0,0,￥0,0,￥0,0,￥0,0,￥0,0,￥0,0,￥0,0,￥0,0
001,ヌーベルプース大倉山 - REPOS,直営店,20250617,￥34870,1,￥29740,1,￥500,1,￥0,0,￥0,0,￥0,0,￥0,0,￥0,0,￥0,0,￥0,0,￥0,0,￥0,0,￥0,0,￥0,0
001,ヌーベルプース大倉山 - REPOS,直営店,20250618,￥0,0,￥0,0,￥0,0,￥0,0,￥0,0,￥0,0,￥0,0,￥0,0,￥0,0,￥0,0,￥0,0,￥0,0,￥0,0,￥0,0
001,ヌーベルプース大倉山 - REPOS,直営店,20250619,￥700,1,￥0,0,￥0,0,￥450,1,￥0,0,￥0,0,￥0,0,￥0,0,￥0,0,￥0,0,￥0,0,￥0,0,￥0,0,￥0,0
001,ヌーベルプース大倉山 - REPOS,直営店,20250620,￥0,0,￥27060,2,￥36850,6,￥6820,1,￥0,0,￥0,0,￥0,0,￥0,0,￥0,0,￥0,0,￥0,0,￥0,0,￥0,0,￥0,0
001,ヌーベルプース大倉山 - REPOS,直営店,20250621,￥1600,1,￥9650,3,￥4900,3,￥1900,2,￥0,0,￥0,0,￥0,0,￥0,0,￥0,0,￥0,0,￥0,0,￥0,0,￥0,0,￥0,0
001,ヌーベルプース大倉山 - REPOS,直営店,20250622,￥27720,1,￥42450,5,￥126330,8,￥3000,5,￥0,0,￥0,0,￥0,0,￥0,0,￥0,0,￥0,0,￥0,0,￥0,0,￥0,0,￥0,0
001,ヌーベルプース大倉山 - REPOS,直営店,20250623,￥45070,3,￥83600,3,￥2200,2,￥3850,1,￥0,0,￥0,0,￥0,0,￥0,0,￥0,0,￥0,0,￥0,0,￥0,0,￥0,0,￥0,0
001,ヌーベルプース大倉山 - REPOS,直営店,20250624,￥25800,2,￥96050,5,￥105380,6,￥0,0,￥0,0,￥0,0,￥0,0,￥0,0,￥0,0,￥0,0,￥0,0,￥0,0,￥0,0,￥0,0
001,ヌーベルプース大倉山 - REPOS,直営店,20250625,￥0,0,￥0,0,￥0,0,￥0,0,￥0,0,￥0,0,￥0,0,￥0,0,￥0,0,￥0,0,￥0,0,￥0,0,￥0,0,￥0,0
001,ヌーベルプース大倉山 - REPOS,直営店,20250626,￥0,0,￥1200,1,￥700,1,￥0,0,￥0,0,￥0,0,￥0,0,￥0,0,￥0,0,￥0,0,￥0,0,￥0,0,￥0,0,￥0,0
001,ヌーベルプース大倉山 - REPOS,直営店,20250627,￥0,0,￥1100,1,￥25740,1,￥0,0,￥0,0,￥0,0,￥0,0,￥0,0,￥0,0,￥0,0,￥0,0,￥0,0,￥0,0,￥0,0
001,ヌーベルプース大倉山 - REPOS,直営店,20250628,￥0,0,￥67450,4,￥2350,2,￥1100,1,￥0,0,￥0,0,￥0,0,￥0,0,￥0,0,￥0,0,￥0,0,￥0,0,￥0,0,￥0,0
001,ヌーベルプース大倉山 - REPOS,直営店,20250629,￥0,0,￥118360,5,￥160990,10,￥17750,2,￥161780,3,￥0,0,￥0,0,￥0,0,￥0,0,￥0,0,￥0,0,￥0,0,￥0,0,￥0,0
001,ヌーベルプース大倉山 - REPOS,直営店,20250630,￥0,0,￥21560,1,￥1100,2,￥0,0,￥0,0,￥0,0,￥0,0,￥0,0,￥0,0,￥0,0,￥0,0,￥0,0,￥0,0,￥0,0
001,ヌーベルプース大倉山 - REPOS,直営店,20250701,￥0,0,￥11110,1,￥95280,5,￥29210,3,￥103070,1,￥0,0,￥0,0,￥0,0,￥0,0,￥0,0,￥0,0,￥0,0,￥0,0,￥0,0
001,ヌーベルプース大倉山 - REPOS,直営店,20250702,￥0,0,￥0,0,￥0,0,￥0,0,￥0,0,￥0,0,￥0,0,￥0,0,￥0,0,￥0,0,￥0,0,￥0,0,￥0,0,￥0,0
001,ヌーベルプース大倉山 - REPOS,直営店,20250703,￥10635,1,￥71010,3,￥33230,6,￥0,0,￥0,0,￥0,0,￥0,0,￥0,0,￥0,0,￥0,0,￥0,0,￥0,0,￥0,0,￥0,0
001,ヌーベルプース大倉山 - REPOS,直営店,20250704,￥55270,1,￥0,0,￥57640,3,￥144430,3,￥33880,1,￥0,0,￥0,0,￥0,0,￥0,0,￥0,0,￥0,0,￥0,0,￥0,0,￥0,0
001,ヌーベルプース大倉山 - REPOS,直営店,20250705,￥0,0,￥132550,3,￥160460,7,￥45110,2,￥0,0,￥63470,1,￥0,0,￥0,0,￥0,0,￥0,0,￥0,0,￥0,0,￥0,0,￥0,0
001,ヌーベルプース大倉山 - REPOS,直営店,20250706,￥0,0,￥3150,2,￥6400,6,￥1650,2,￥0,0,￥0,0,￥0,0,￥0,0,￥0,0,￥0,0,￥0,0,￥0,0,￥0,0,￥0,0
001,ヌーベルプース大倉山 - REPOS,直営店,20250707,￥41140,2,￥34460,4,￥50950,10,￥110270,4,￥41690,1,￥30910,1,￥0,0,￥0,0,￥0,0,￥0,0,￥0,0,￥0,0,￥0,0,￥0,0
001,ヌーベルプース大倉山 - REPOS,直営店,20250708,￥0,0,￥950,1,￥1900,3,￥0,0,￥0,0,￥0,0,￥0,0,￥0,0,￥0,0,￥0,0,￥0,0,￥0,0,￥0,0,￥0,0
001,ヌーベルプース大倉山 - REPOS,直営店,20250709,￥0,0,￥0,0,￥0,0,￥0,0,￥0,0,￥0,0,￥0,0,￥0,0,￥0,0,￥0,0,￥0,0,￥0,0,￥0,0,￥0,0
001,ヌーベルプース大倉山 - REPOS,直営店,20250710,￥27940,1,￥5870,3,￥22330,3,￥22890,1,￥0,0,￥0,0,￥0,0,￥0,0,￥0,0,￥0,0,￥0,0,￥0,0,￥0,0,￥0,0
001,ヌーベルプース大倉山 - REPOS,直営店,20250711,￥0,0,￥1870,1,￥46480,5,￥18920,1,￥0,0,￥0,0,￥0,0,￥0,0,￥0,0,￥0,0,￥0,0,￥0,0,￥0,0,￥0,0
001,ヌーベルプース大倉山 - REPOS,直営店,20250712,￥0,0,￥87270,2,￥67860,8,￥188980,4,￥66660,2,￥0,0,￥0,0,￥0,0,￥0,0,￥0,0,￥0,0,￥0,0,￥0,0,￥0,0
001,ヌーベルプース大倉山 - REPOS,直営店,20250713,￥0,0,￥57900,3,￥195070,10,￥0,0,￥60170,2,￥0,0,￥0,0,￥0,0,￥0,0,￥0,0,￥0,0,￥0,0,￥0,0,￥0,0
001,ヌーベルプース大倉山 - REPOS,直営店,20250714,￥49760,2,￥2900,2,￥3500,2,￥48240,1,￥0,0,￥0,0,￥0,0,￥0,0,￥0,0,￥0,0,￥0,0,￥0,0,￥0,0,￥0,0
001,ヌーベルプース大倉山 - REPOS,直営店,20250715,￥0,0,￥0,0,￥1700,2,￥0,0,￥13500,1,￥0,0,￥0,0,￥0,0,￥0,0,￥0,0,￥0,0,￥0,0,￥0,0,￥0,0
001,ヌーベルプース大倉山 - REPOS,直営店,20250716,￥0,0,￥0,0,￥0,0,￥0,0,￥0,0,￥0,0,￥0,0,￥0,0,￥0,0,￥0,0,￥0,0,￥0,0,￥0,0,￥0,0
001,ヌーベルプース大倉山 - REPOS,直営店,20250717,￥0,0,￥0,0,￥2200,1,￥450,1,￥0,0,￥0,0,￥0,0,￥0,0,￥0,0,￥0,0,￥0,0,￥0,0,￥0,0,￥0,0
001,ヌーベルプース大倉山 - REPOS,直営店,20250718,￥11220,1,￥81290,4,￥195160,8,￥20130,1,￥0,0,￥0,0,￥0,0,￥0,0,￥0,0,￥0,0,￥0,0,￥0,0,￥0,0,￥0,0
001,ヌーベルプース大倉山 - REPOS,直営店,20250719,￥35900,1,￥79970,5,￥258080,8,￥17380,1,￥30140,1,￥0,0,￥0,0,￥0,0,￥0,0,￥0,0,￥0,0,￥0,0,￥0,0,￥0,0
001,ヌーベルプース大倉山 - REPOS,直営店,20250720,￥1100,2,￥359270,4,￥6700,5,￥900,1,￥130000,1,￥0,0,￥0,0,￥0,0,￥0,0,￥0,0,￥0,0,￥0,0,￥0,0,￥0,0
001,ヌーベルプース大倉山 - REPOS,直営店,20250721,￥39380,1,￥99220,6,￥317140,15,￥0,0,￥0,0,￥0,0,￥0,0,￥0,0,￥0,0,￥0,0,￥0,0,￥0,0,￥0,0,￥0,0
001,ヌーベルプース大倉山 - REPOS,直営店,20250722,￥124080,1,￥52550,4,￥8200,4,￥1200,2,￥0,0,￥0,0,￥0,0,￥0,0,￥0,0,￥0,0,￥0,0,￥0,0,￥0,0,￥0,0
001,ヌーベルプース大倉山 - REPOS,直営店,20250723,￥0,0,￥0,0,￥0,0,￥0,0,￥0,0,￥0,0,￥0,0,￥0,0,￥0,0,￥0,0,￥0,0,￥0,0,￥0,0,￥0,0
001,ヌーベルプース大倉山 - REPOS,直営店,20250724,￥0,0,￥16610,1,￥15190,4,￥164650,3,￥0,0,￥0,0,￥0,0,￥0,0,￥0,0,￥0,0,￥0,0,￥0,0,￥0,0,￥0,0
001,ヌーベルプース大倉山 - REPOS,直営店,20250725,￥23430,1,￥0,0,￥6900,4,￥41790,3,￥33660,1,￥0,0,￥0,0,￥0,0,￥0,0,￥0,0,￥0,0,￥0,0,￥0,0,￥0,0
001,ヌーベルプース大倉山 - REPOS,直営店,20250726,￥69080,1,￥58300,2,￥7800,6,￥700,2,￥135290,2,￥0,0,￥0,0,￥0,0,￥0,0,￥0,0,￥0,0,￥0,0,￥0,0,￥0,0
001,ヌーベルプース大倉山 - REPOS,直営店,20250727,￥51940,3,￥1950,1,￥52160,4,￥48070,2,￥0,0,￥0,0,￥0,0,￥0,0,￥0,0,￥0,0,￥0,0,￥0,0,￥0,0,￥0,0
001,ヌーベルプース大倉山 - REPOS,直営店,20250728,￥450,1,￥0,0,￥112110,4,￥2150,1,￥0,0,￥0,0,￥0,0,￥0,0,￥0,0,￥0,0,￥0,0,￥0,0,￥0,0,￥0,0
001,ヌーベルプース大倉山 - REPOS,直営店,20250729,￥13970,1,￥48950,3,￥112370,6,￥27110,5,￥0,0,￥0,0,￥0,0,￥0,0,￥0,0,￥0,0,￥0,0,￥0,0,￥0,0,￥0,0
001,ヌーベルプース大倉山 - REPOS,直営店,20250730,￥0,0,￥0,0,￥0,0,￥0,0,￥0,0,￥0,0,￥0,0,￥0,0,￥0,0,￥0,0,￥0,0,￥0,0,￥0,0,￥0,0
001,ヌーベルプース大倉山 - REPOS,直営店,20250731,￥0,0,￥3950,2,￥6550,6,￥0,0,￥0,0,￥0,0,￥0,0,￥0,0,￥0,0,￥0,0,￥0,0,￥0,0,￥0,0,￥0,0
002,カフェ セレステ,直営店,20250501,￥0,0,￥1350,1,￥7450,13,￥1350,2,￥0,0,￥0,0,￥0,0,￥0,0,￥0,0,￥0,0,￥0,0,￥0,0,￥0,0,￥0,0
002,カフェ セレステ,直営店,20250502,￥0,0,￥0,0,￥0,0,￥0,0,￥0,0,￥0,0,￥0,0,￥0,0,￥0,0,￥0,0,￥0,0,￥0,0,￥0,0,￥0,0
002,カフェ セレステ,直営店,20250503,￥450,1,￥3200,3,￥4200,4,￥3200,5,￥800,2,￥0,0,￥0,0,￥0,0,￥0,0,￥0,0,￥0,0,￥0,0,￥0,0,￥0,0
002,カフェ セレステ,直営店,20250504,￥0,0,￥2700,3,￥8100,10,￥1250,2,￥0,0,￥0,0,￥0,0,￥0,0,￥0,0,￥0,0,￥0,0,￥0,0,￥0,0,￥0,0
002,カフェ セレステ,直営店,20250505,￥1100,2,￥4550,4,￥16300,19,￥2800,5,￥3850,5,￥0,0,￥0,0,￥550,1,￥0,0,￥0,0,￥0,0,￥0,0,￥0,0,￥0,0
002,カフェ セレステ,直営店,20250506,￥0,0,￥1350,2,￥5900,6,￥900,1,￥1400,3,￥0,0,￥0,0,￥0,0,￥0,0,￥0,0,￥0,0,￥0,0,￥0,0,￥0,0
002,カフェ セレステ,直営店,20250507,￥0,0,￥1800,1,￥1350,3,￥0,0,￥0,0,￥0,0,￥0,0,￥0,0,￥0,0,￥0,0,￥0,0,￥0,0,￥0,0,￥0,0
002,カフェ セレステ,直営店,20250508,￥0,0,￥800,2,￥1700,2,￥0,0,￥0,0,￥0,0,￥0,0,￥0,0,￥0,0,￥0,0,￥0,0,￥0,0,￥0,0,￥0,0
002,カフェ セレステ,直営店,20250509,￥0,0,￥2700,3,￥11600,10,￥2310,5,￥0,0,￥0,0,￥1000,1,￥0,0,￥0,0,￥0,0,￥0,0,￥0,0,￥0,0,￥0,0
002,カフェ セレステ,直営店,20250510,￥450,1,￥0,0,￥4000,8,￥450,1,￥0,0,￥0,0,￥0,0,￥0,0,￥0,0,￥0,0,￥0,0,￥0,0,￥0,0,￥0,0
002,カフェ セレステ,直営店,20250511,￥1800,3,￥6550,2,￥3800,5,￥900,1,￥0,0,￥0,0,￥0,0,￥0,0,￥0,0,￥0,0,￥0,0,￥0,0,￥0,0,￥0,0
002,カフェ セレステ,直営店,20250512,￥0,0,￥950,2,￥7600,10,￥3700,5,￥0,0,￥0,0,￥0,0,￥0,0,￥0,0,￥0,0,￥0,0,￥0,0,￥0,0,￥0,0
002,カフェ セレステ,直営店,20250513,￥0,0,￥0,0,￥5600,6,￥0,0,￥1000,1,￥0,0,￥0,0,￥0,0,￥0,0,￥0,0,￥0,0,￥0,0,￥0,0,￥0,0
002,カフェ セレステ,直営店,20250514,￥0,0,￥3000,4,￥4100,5,￥1500,2,￥0,0,￥0,0,￥0,0,￥0,0,￥0,0,￥0,0,￥0,0,￥0,0,￥0,0,￥0,0
002,カフェ セレステ,直営店,20250515,￥0,0,￥500,1,￥1500,2,￥3500,2,￥0,0,￥0,0,￥0,0,￥0,0,￥0,0,￥0,0,￥0,0,￥0,0,￥0,0,￥0,0
002,カフェ セレステ,直営店,20250516,￥2800,1,￥1050,1,￥5000,6,￥600,1,￥500,1,￥0,0,￥0,0,￥0,0,￥0,0,￥0,0,￥0,0,￥0,0,￥0,0,￥0,0
002,カフェ セレステ,直営店,20250517,￥0,0,￥0,0,￥11450,14,￥3700,5,￥0,0,￥0,0,￥0,0,￥0,0,￥0,0,￥0,0,￥0,0,￥0,0,￥0,0,￥0,0
002,カフェ セレステ,直営店,20250518,￥500,1,￥3700,3,￥8400,11,￥500,1,￥0,0,￥0,0,￥1550,1,￥0,0,￥0,0,￥0,0,￥0,0,￥0,0,￥0,0,￥0,0
002,カフェ セレステ,直営店,20250519,￥500,1,￥0,0,￥2350,3,￥2320,2,￥0,0,￥0,0,￥0,0,￥0,0,￥0,0,￥0,0,￥0,0,￥0,0,￥0,0,￥0,0
002,カフェ セレステ,直営店,20250520,￥950,1,￥0,0,￥2400,1,￥1050,1,￥0,0,￥0,0,￥0,0,￥0,0,￥0,0,￥0,0,￥0,0,￥0,0,￥0,0,￥0,0
002,カフェ セレステ,直営店,20250521,￥0,0,￥2700,2,￥3350,3,￥1700,2,￥0,0,￥0,0,￥0,0,￥0,0,￥0,0,￥0,0,￥0,0,￥0,0,￥0,0,￥0,0
002,カフェ セレステ,直営店,20250522,￥500,1,￥0,0,￥3950,6,￥500,1,￥0,0,￥0,0,￥0,0,￥0,0,￥0,0,￥0,0,￥0,0,￥0,0,￥0,0,￥0,0
002,カフェ セレステ,直営店,20250523,￥0,0,￥0,0,￥1700,3,￥1200,2,￥0,0,￥0,0,￥0,0,￥0,0,￥0,0,￥0,0,￥0,0,￥0,0,￥0,0,￥0,0
002,カフェ セレステ,直営店,20250524,￥500,1,￥1000,1,￥24700,12,￥3750,4,￥0,0,￥0,0,￥0,0,￥0,0,￥0,0,￥0,0,￥0,0,￥0,0,￥0,0,￥0,0
002,カフェ セレステ,直営店,20250525,￥0,0,￥0,0,￥500,1,￥0,0,￥0,0,￥0,0,￥0,0,￥0,0,￥0,0,￥0,0,￥0,0,￥0,0,￥0,0,￥0,0
002,カフェ セレステ,直営店,20250526,￥1500,2,￥0,0,￥7150,6,￥1700,1,￥0,0,￥0,0,￥0,0,￥0,0,￥0,0,￥0,0,￥0,0,￥0,0,￥0,0,￥0,0
002,カフェ セレステ,直営店,20250527,￥0,0,￥500,1,￥3000,3,￥1000,1,￥0,0,￥0,0,￥0,0,￥0,0,￥0,0,￥0,0,￥0,0,￥0,0,￥0,0,￥0,0
002,カフェ セレステ,直営店,20250528,￥1200,2,￥1000,1,￥4270,7,￥1500,2,￥0,0,￥0,0,￥0,0,￥0,0,￥0,0,￥0,0,￥0,0,￥0,0,￥0,0,￥0,0
002,カフェ セレステ,直営店,20250529,￥0,0,￥0,0,￥7000,8,￥2850,4,￥500,1,￥0,0,￥0,0,￥0,0,￥0,0,￥0,0,￥0,0,￥0,0,￥0,0,￥0,0
002,カフェ セレステ,直営店,20250530,￥0,0,￥5200,2,￥5100,5,￥2000,3,￥0,0,￥0,0,￥0,0,￥0,0,￥0,0,￥0,0,￥0,0,￥0,0,￥0,0,￥0,0
002,カフェ セレステ,直営店,20250531,￥1350,2,￥500,1,￥5700,9,￥6400,7,￥0,0,￥0,0,￥0,0,￥0,0,￥0,0,￥0,0,￥0,0,￥0,0,￥0,0,￥0,0
002,カフェ セレステ,直営店,20250601,￥4300,3,￥5520,3,￥9500,11,￥500,1,￥0,0,￥0,0,￥0,0,￥0,0,￥0,0,￥0,0,￥0,0,￥0,0,￥0,0,￥0,0
002,カフェ セレステ,直営店,20250602,￥2500,2,￥3500,4,￥3850,4,￥0,0,￥0,0,￥0,0,￥0,0,￥0,0,￥0,0,￥0,0,￥0,0,￥0,0,￥0,0,￥0,0
002,カフェ セレステ,直営店,20250603,￥0,0,￥1800,3,￥2000,4,￥0,0,￥0,0,￥0,0,￥1000,1,￥0,0,￥0,0,￥0,0,￥0,0,￥0,0,￥0,0,￥0,0
002,カフェ セレステ,直営店,20250604,￥3000,2,￥500,1,￥9940,7,￥350,1,￥0,0,￥0,0,￥0,0,￥0,0,￥0,0,￥0,0,￥0,0,￥0,0,￥0,0,￥0,0
002,カフェ セレステ,直営店,20250605,￥0,0,￥2000,4,￥5900,7,￥1000,1,￥1200,3,￥0,0,￥0,0,￥0,0,￥0,0,￥0,0,￥0,0,￥0,0,￥0,0,￥0,0
002,カフェ セレステ,直営店,20250606,￥500,1,￥5900,5,￥2850,5,￥2400,3,￥950,1,￥0,0,￥0,0,￥0,0,￥0,0,￥0,0,￥0,0,￥0,0,￥0,0,￥0,0
002,カフェ セレステ,直営店,20250607,￥3700,2,￥2850,2,￥8250,9,￥600,1,￥0,0,￥0,0,￥0,0,￥0,0,￥0,0,￥0,0,￥0,0,￥0,0,￥0,0,￥0,0
002,カフェ セレステ,直営店,20250608,￥500,1,￥1000,2,￥15250,16,￥350,1,￥0,0,￥0,0,￥0,0,￥0,0,￥0,0,￥0,0,￥0,0,￥0,0,￥0,0,￥0,0
002,カフェ セレステ,直営店,20250609,￥0,0,￥7400,4,￥4050,4,￥0,0,￥0,0,￥0,0,￥0,0,￥0,0,￥0,0,￥0,0,￥0,0,￥0,0,￥0,0,￥0,0
002,カフェ セレステ,直営店,20250610,￥1850,2,￥0,0,￥8900,6,￥2000,3,￥0,0,￥0,0,￥0,0,￥0,0,￥0,0,￥0,0,￥0,0,￥0,0,￥0,0,￥0,0
002,カフェ セレステ,直営店,20250611,￥0,0,￥0,0,￥2000,4,￥1500,3,￥0,0,￥0,0,￥0,0,￥0,0,￥0,0,￥0,0,￥0,0,￥0,0,￥0,0,￥0,0
002,カフェ セレステ,直営店,20250612,￥1700,1,￥1000,1,￥5500,8,￥2500,2,￥500,1,￥0,0,￥0,0,￥0,0,￥0,0,￥0,0,￥0,0,￥0,0,￥0,0,￥0,0
002,カフェ セレステ,直営店,20250613,￥1950,1,￥3700,5,￥5850,8,￥0,0,￥1000,2,￥0,0,￥0,0,￥0,0,￥0,0,￥0,0,￥0,0,￥0,0,￥0,0,￥0,0
002,カフェ セレステ,直営店,20250614,￥4620,4,￥3550,4,￥8650,8,￥3500,4,￥500,1,￥0,0,￥0,0,￥0,0,￥0,0,￥0,0,￥0,0,￥0,0,￥0,0,￥0,0
002,カフェ セレステ,直営店,20250615,￥6500,2,￥8850,4,￥9450,9,￥4200,5,￥1000,2,￥0,0,￥0,0,￥0,0,￥0,0,￥0,0,￥0,0,￥0,0,￥0,0,￥0,0
002,カフェ セレステ,直営店,20250616,￥1500,2,￥1950,2,￥8300,5,￥4340,4,￥0,0,￥0,0,￥0,0,￥0,0,￥0,0,￥0,0,￥0,0,￥0,0,￥0,0,￥0,0
002,カフェ セレステ,直営店,20250617,￥350,1,￥1000,1,￥5050,7,￥2000,2,￥0,0,￥0,0,￥0,0,￥0,0,￥0,0,￥0,0,￥0,0,￥0,0,￥0,0,￥0,0
002,カフェ セレステ,直営店,20250618,￥0,0,￥1950,2,￥2500,4,￥1600,2,￥0,0,￥0,0,￥0,0,￥0,0,￥0,0,￥0,0,￥0,0,￥0,0,￥0,0,￥0,0
002,カフェ セレステ,直営店,20250619,￥0,0,￥4500,2,￥4050,7,￥1650,3,￥0,0,￥0,0,￥0,0,￥0,0,￥0,0,￥0,0,￥0,0,￥0,0,￥0,0,￥0,0
002,カフェ セレステ,直営店,20250620,￥0,0,￥2900,1,￥7850,9,￥1000,2,￥0,0,￥0,0,￥0,0,￥0,0,￥0,0,￥0,0,￥0,0,￥0,0,￥0,0,￥0,0
002,カフェ セレステ,直営店,20250621,￥9950,2,￥2500,1,￥12300,12,￥3000,2,￥4000,1,￥0,0,￥0,0,￥0,0,￥0,0,￥0,0,￥0,0,￥0,0,￥0,0,￥0,0
002,カフェ セレステ,直営店,20250622,￥0,0,￥4500,4,￥7600,7,￥850,2,￥0,0,￥0,0,￥0,0,￥0,0,￥0,0,￥0,0,￥0,0,￥0,0,￥0,0,￥0,0
002,カフェ セレステ,直営店,20250623,￥500,1,￥500,1,￥3420,5,￥500,1,￥1700,2,￥0,0,￥0,0,￥0,0,￥0,0,￥0,0,￥0,0,￥0,0,￥0,0,￥0,0
002,カフェ セレステ,直営店,20250624,￥0,0,￥1950,3,￥2800,2,￥500,1,￥1600,2,￥0,0,￥0,0,￥0,0,￥0,0,￥0,0,￥0,0,￥0,0,￥0,0,￥0,0
002,カフェ セレステ,直営店,20250625,￥500,1,￥2300,2,￥3650,7,￥0,0,￥500,1,￥0,0,￥0,0,￥0,0,￥0,0,￥0,0,￥0,0,￥0,0,￥0,0,￥0,0
002,カフェ セレステ,直営店,20250626,￥0,0,￥2900,2,￥10600,5,￥0,0,￥0,0,￥0,0,￥0,0,￥0,0,￥0,0,￥0,0,￥0,0,￥0,0,￥0,0,￥0,0
002,カフェ セレステ,直営店,20250627,￥0,0,￥0,0,￥2050,3,￥0,0,￥0,0,￥0,0,￥0,0,￥0,0,￥0,0,￥0,0,￥0,0,￥0,0,￥0,0,￥0,0
002,カフェ セレステ,直営店,20250628,￥3200,2,￥8950,7,￥8320,10,￥2350,3,￥0,0,￥0,0,￥0,0,￥0,0,￥0,0,￥0,0,￥0,0,￥0,0,￥0,0,￥0,0
002,カフェ セレステ,直営店,20250629,￥0,0,￥1000,1,￥10600,10,￥2400,2,￥0,0,￥0,0,￥0,0,￥0,0,￥0,0,￥0,0,￥0,0,￥0,0,￥0,0,￥0,0
002,カフェ セレステ,直営店,20250630,￥1000,1,￥500,1,￥500,1,￥0,0,￥0,0,￥0,0,￥0,0,￥0,0,￥0,0,￥0,0,￥0,0,￥0,0,￥0,0,￥0,0
002,カフェ セレステ,直営店,20250701,￥0,0,￥850,1,￥3650,5,￥2200,4,￥0,0,￥0,0,￥0,0,￥0,0,￥0,0,￥0,0,￥0,0,￥0,0,￥0,0,￥0,0
002,カフェ セレステ,直営店,20250702,￥0,0,￥350,1,￥4450,7,￥1000,1,￥0,0,￥0,0,￥0,0,￥0,0,￥0,0,￥0,0,￥0,0,￥0,0,￥0,0,￥0,0
002,カフェ セレステ,直営店,20250703,￥450,1,￥700,1,￥6750,7,￥0,0,￥0,0,￥0,0,￥0,0,￥0,0,￥0,0,￥0,0,￥0,0,￥0,0,￥0,0,￥0,0
002,カフェ セレステ,直営店,20250704,￥1350,2,￥1000,1,￥2850,3,￥0,0,￥450,1,￥0,0,￥0,0,￥0,0,￥0,0,￥0,0,￥0,0,￥0,0,￥0,0,￥0,0
002,カフェ セレステ,直営店,20250705,￥12620,4,￥500,1,￥17550,12,￥5950,5,￥0,0,￥0,0,￥0,0,￥0,0,￥0,0,￥0,0,￥0,0,￥0,0,￥0,0,￥0,0
002,カフェ セレステ,直営店,20250706,￥2620,5,￥4300,4,￥5200,7,￥5550,5,￥500,1,￥0,0,￥0,0,￥0,0,￥0,0,￥0,0,￥0,0,￥0,0,￥0,0,￥0,0
002,カフェ セレステ,直営店,20250707,￥0,0,￥2550,4,￥11420,11,￥5500,3,￥0,0,￥0,0,￥0,0,￥0,0,￥0,0,￥0,0,￥0,0,￥0,0,￥0,0,￥0,0
002,カフェ セレステ,直営店,20250708,￥850,1,￥0,0,￥12050,7,￥7150,5,￥0,0,￥0,0,￥0,0,￥0,0,￥0,0,￥0,0,￥0,0,￥0,0,￥0,0,￥0,0
002,カフェ セレステ,直営店,20250709,￥1500,2,￥5450,5,￥9250,9,￥5950,3,￥0,0,￥0,0,￥0,0,￥0,0,￥0,0,￥0,0,￥0,0,￥0,0,￥0,0,￥0,0
002,カフェ セレステ,直営店,20250710,￥3400,3,￥500,1,￥5800,4,￥2500,3,￥0,0,￥0,0,￥0,0,￥0,0,￥0,0,￥0,0,￥0,0,￥0,0,￥0,0,￥0,0
002,カフェ セレステ,直営店,20250711,￥1000,1,￥0,0,￥1350,2,￥1500,2,￥0,0,￥0,0,￥0,0,￥0,0,￥0,0,￥0,0,￥0,0,￥0,0,￥0,0,￥0,0
002,カフェ セレステ,直営店,20250712,￥500,1,￥700,1,￥13500,16,￥1700,3,￥0,0,￥0,0,￥0,0,￥0,0,￥0,0,￥0,0,￥0,0,￥0,0,￥0,0,￥0,0
002,カフェ セレステ,直営店,20250713,￥1000,2,￥6550,4,￥8800,11,￥8950,9,￥800,1,￥0,0,￥0,0,￥0,0,￥0,0,￥0,0,￥0,0,￥0,0,￥0,0,￥0,0
002,カフェ セレステ,直営店,20250714,￥500,1,￥0,0,￥6950,11,￥2000,1,￥0,0,￥0,0,￥0,0,￥0,0,￥0,0,￥0,0,￥0,0,￥0,0,￥0,0,￥0,0
002,カフェ セレステ,直営店,20250715,￥7000,2,￥2500,3,￥1620,2,￥1200,2,￥0,0,￥0,0,￥0,0,￥0,0,￥0,0,￥0,0,￥0,0,￥0,0,￥0,0,￥0,0
002,カフェ セレステ,直営店,20250716,￥2900,2,￥350,1,￥5400,6,￥3450,5,￥700,1,￥0,0,￥0,0,￥0,0,￥0,0,￥0,0,￥0,0,￥0,0,￥0,0,￥0,0
002,カフェ セレステ,直営店,20250717,￥0,0,￥0,0,￥10600,10,￥500,1,￥500,1,￥0,0,￥2800,2,￥0,0,￥0,0,￥0,0,￥0,0,￥0,0,￥0,0,￥0,0
002,カフェ セレステ,直営店,20250718,￥0,0,￥0,0,￥12450,13,￥3300,2,￥0,0,￥0,0,￥0,0,￥0,0,￥0,0,￥0,0,￥0,0,￥0,0,￥0,0,￥0,0
002,カフェ セレステ,直営店,20250719,￥2800,2,￥1850,2,￥5050,7,￥0,0,￥0,0,￥0,0,￥0,0,￥0,0,￥0,0,￥0,0,￥0,0,￥0,0,￥0,0,￥0,0
002,カフェ セレステ,直営店,20250720,￥500,1,￥9000,4,￥19050,18,￥7750,3,￥500,1,￥0,0,￥1000,1,￥0,0,￥0,0,￥0,0,￥0,0,￥0,0,￥0,0,￥0,0
002,カフェ セレステ,直営店,20250721,￥700,1,￥5250,5,￥15150,17,￥4450,2,￥0,0,￥0,0,￥0,0,￥0,0,￥0,0,￥0,0,￥0,0,￥0,0,￥0,0,￥0,0
002,カフェ セレステ,直営店,20250722,￥1350,2,￥2850,2,￥12650,14,￥7600,7,￥0,0,￥0,0,￥0,0,￥0,0,￥0,0,￥0,0,￥0,0,￥0,0,￥0,0,￥0,0
002,カフェ セレステ,直営店,20250723,￥1150,1,￥3500,3,￥1500,3,￥4870,6,￥0,0,￥0,0,￥0,0,￥360,1,￥0,0,￥0,0,￥0,0,￥0,0,￥0,0,￥0,0
002,カフェ セレステ,直営店,20250724,￥0,0,￥850,2,￥8050,9,￥1500,3,￥500,1,￥0,0,￥0,0,￥500,1,￥0,0,￥0,0,￥0,0,￥0,0,￥0,0,￥0,0
002,カフェ セレステ,直営店,20250725,￥2150,3,￥500,1,￥7450,9,￥1350,1,￥600,1,￥0,0,￥0,0,￥0,0,￥0,0,￥0,0,￥0,0,￥0,0,￥0,0,￥0,0
002,カフェ セレステ,直営店,20250726,￥1350,2,￥3600,3,￥9250,10,￥2000,3,￥500,1,￥0,0,￥0,0,￥0,0,￥0,0,￥0,0,￥0,0,￥0,0,￥0,0,￥0,0
002,カフェ セレステ,直営店,20250727,￥0,0,￥850,1,￥8350,7,￥3900,5,￥500,1,￥0,0,￥0,0,￥0,0,￥0,0,￥0,0,￥0,0,￥0,0,￥0,0,￥0,0
002,カフェ セレステ,直営店,20250728,￥1000,1,￥4900,3,￥11350,9,￥1950,2,￥0,0,￥0,0,￥0,0,￥0,0,￥0,0,￥0,0,￥0,0,￥0,0,￥0,0,￥0,0
002,カフェ セレステ,直営店,20250729,￥700,1,￥1700,2,￥4050,4,￥2700,1,￥0,0,￥0,0,￥0,0,￥0,0,￥0,0,￥0,0,￥0,0,￥0,0,￥0,0,￥0,0
002,カフェ セレステ,直営店,20250730,￥0,0,￥4200,5,￥5700,8,￥5150,5,￥0,0,￥0,0,￥0,0,￥0,0,￥0,0,￥0,0,￥0,0,￥0,0,￥0,0,￥0,0
002,カフェ セレステ,直営店,20250731,￥2300,3,￥700,1,￥7800,10,￥1200,2,￥2000,1,￥0,0,￥0,0,￥0,0,￥0,0,￥0,0,￥0,0,￥0,0,￥0,0,￥0,0
003,THE GARDEN SAPPORO                 HOKKAIDO GRILLE,直営店,20250501,￥30130,2,￥73500,4,￥28600,5,￥0,0,￥0,0,￥0,0,￥0,0,￥0,0,￥0,0,￥0,0,￥0,0,￥0,0,￥0,0,￥0,0
003,THE GARDEN SAPPORO                 HOKKAIDO GRILLE,直営店,20250502,￥0,0,￥13750,2,￥95410,8,￥0,0,￥0,0,￥0,0,￥0,0,￥0,0,￥0,0,￥0,0,￥0,0,￥0,0,￥0,0,￥0,0
003,THE GARDEN SAPPORO                 HOKKAIDO GRILLE,直営店,20250503,￥0,0,￥49260,3,￥267030,14,￥22280,1,￥0,0,￥0,0,￥0,0,￥0,0,￥0,0,￥0,0,￥0,0,￥0,0,￥0,0,￥0,0
003,THE GARDEN SAPPORO                 HOKKAIDO GRILLE,直営店,20250504,￥9930,2,￥158700,5,￥329990,8,￥1450,1,￥0,0,￥0,0,￥0,0,￥0,0,￥0,0,￥0,0,￥0,0,￥0,0,￥0,0,￥0,0
003,THE GARDEN SAPPORO                 HOKKAIDO GRILLE,直営店,20250505,￥41520,2,￥46080,5,￥204080,7,￥4510,1,￥0,0,￥0,0,￥134110,1,￥0,0,￥0,0,￥0,0,￥0,0,￥0,0,￥0,0,￥0,0
003,THE GARDEN SAPPORO                 HOKKAIDO GRILLE,直営店,20250506,￥23760,1,￥54620,3,￥123690,8,￥0,0,￥0,0,￥0,0,￥0,0,￥0,0,￥0,0,￥0,0,￥0,0,￥0,0,￥0,0,￥0,0
003,THE GARDEN SAPPORO                 HOKKAIDO GRILLE,直営店,20250507,￥3520,1,￥43010,3,￥161040,5,￥0,0,￥0,0,￥0,0,￥0,0,￥0,0,￥0,0,￥0,0,￥0,0,￥0,0,￥0,0,￥0,0
003,THE GARDEN SAPPORO                 HOKKAIDO GRILLE,直営店,20250508,￥46210,2,￥5500,1,￥16570,4,￥16780,2,￥0,0,￥0,0,￥0,0,￥0,0,￥0,0,￥0,0,￥0,0,￥0,0,￥0,0,￥0,0
003,THE GARDEN SAPPORO                 HOKKAIDO GRILLE,直営店,20250509,￥0,0,￥0,0,￥113430,7,￥8250,2,￥0,0,￥0,0,￥6840,1,￥0,0,￥0,0,￥0,0,￥0,0,￥0,0,￥0,0,￥0,0
003,THE GARDEN SAPPORO                 HOKKAIDO GRILLE,直営店,20250510,￥0,0,￥78190,4,￥251630,8,￥74040,3,￥0,0,￥0,0,￥0,0,￥0,0,￥0,0,￥0,0,￥0,0,￥0,0,￥0,0,￥0,0
003,THE GARDEN SAPPORO                 HOKKAIDO GRILLE,直営店,20250511,￥14690,1,￥96920,3,￥159040,9,￥55980,2,￥0,0,￥0,0,￥0,0,￥0,0,￥0,0,￥0,0,￥0,0,￥0,0,￥0,0,￥0,0
003,THE GARDEN SAPPORO                 HOKKAIDO GRILLE,直営店,20250512,￥20350,2,￥3300,1,￥29650,2,￥18150,2,￥0,0,￥0,0,￥0,0,￥0,0,￥0,0,￥0,0,￥0,0,￥0,0,￥0,0,￥0,0
003,THE GARDEN SAPPORO                 HOKKAIDO GRILLE,直営店,20250513,￥5500,1,￥0,0,￥29930,5,￥187400,5,￥0,0,￥0,0,￥8030,1,￥0,0,￥0,0,￥0,0,￥0,0,￥0,0,￥0,0,￥0,0
003,THE GARDEN SAPPORO                 HOKKAIDO GRILLE,直営店,20250514,￥92750,5,￥90000,5,￥110750,6,￥27470,2,￥0,0,￥0,0,￥36000,1,￥0,0,￥0,0,￥0,0,￥0,0,￥0,0,￥0,0,￥0,0
003,THE GARDEN SAPPORO                 HOKKAIDO GRILLE,直営店,20250515,￥33130,2,￥6270,2,￥41690,7,￥0,0,￥0,0,￥0,0,￥0,0,￥0,0,￥0,0,￥0,0,￥0,0,￥0,0,￥0,0,￥0,0
003,THE GARDEN SAPPORO                 HOKKAIDO GRILLE,直営店,20250516,￥5500,1,￥27140,1,￥138730,10,￥114140,3,￥0,0,￥0,0,￥8420,1,￥0,0,￥0,0,￥0,0,￥0,0,￥0,0,￥0,0,￥0,0
003,THE GARDEN SAPPORO                 HOKKAIDO GRILLE,直営店,20250517,￥0,0,￥91330,3,￥269380,5,￥70150,1,￥0,0,￥0,0,￥0,0,￥0,0,￥0,0,￥0,0,￥0,0,￥0,0,￥0,0,￥0,0
003,THE GARDEN SAPPORO                 HOKKAIDO GRILLE,直営店,20250518,￥0,0,￥0,0,￥157890,9,￥79310,3,￥0,0,￥0,0,￥0,0,￥0,0,￥0,0,￥0,0,￥0,0,￥0,0,￥0,0,￥0,0
003,THE GARDEN SAPPORO                 HOKKAIDO GRILLE,直営店,20250519,￥0,0,￥6270,2,￥109680,8,￥22220,3,￥0,0,￥0,0,￥0,0,￥0,0,￥0,0,￥0,0,￥0,0,￥0,0,￥0,0,￥0,0
003,THE GARDEN SAPPORO                 HOKKAIDO GRILLE,直営店,20250520,￥0,0,￥144160,3,￥19910,3,￥0,0,￥0,0,￥0,0,￥0,0,￥0,0,￥0,0,￥0,0,￥0,0,￥0,0,￥0,0,￥0,0
003,THE GARDEN SAPPORO                 HOKKAIDO GRILLE,直営店,20250521,￥0,0,￥28950,6,￥133230,6,￥5500,2,￥0,0,￥0,0,￥0,0,￥0,0,￥0,0,￥0,0,￥0,0,￥0,0,￥0,0,￥0,0
003,THE GARDEN SAPPORO                 HOKKAIDO GRILLE,直営店,20250522,￥3520,1,￥61790,6,￥47190,5,￥17710,3,￥0,0,￥0,0,￥0,0,￥0,0,￥0,0,￥0,0,￥0,0,￥0,0,￥0,0,￥0,0
003,THE GARDEN SAPPORO                 HOKKAIDO GRILLE,直営店,20250523,￥0,0,￥97810,4,￥159430,11,￥52570,3,￥0,0,￥0,0,￥0,0,￥0,0,￥0,0,￥0,0,￥0,0,￥0,0,￥0,0,￥0,0
003,THE GARDEN SAPPORO                 HOKKAIDO GRILLE,直営店,20250524,￥0,0,￥12540,1,￥213700,14,￥50120,1,￥0,0,￥0,0,￥47300,1,￥0,0,￥0,0,￥0,0,￥0,0,￥0,0,￥0,0,￥0,0
003,THE GARDEN SAPPORO                 HOKKAIDO GRILLE,直営店,20250525,￥0,0,￥16780,2,￥271030,11,￥13530,1,￥0,0,￥0,0,￥0,0,￥0,0,￥0,0,￥0,0,￥0,0,￥0,0,￥0,0,￥0,0
003,THE GARDEN SAPPORO                 HOKKAIDO GRILLE,直営店,20250526,￥0,0,￥14300,2,￥76920,6,￥29370,1,￥0,0,￥0,0,￥0,0,￥0,0,￥0,0,￥0,0,￥0,0,￥0,0,￥0,0,￥0,0
003,THE GARDEN SAPPORO                 HOKKAIDO GRILLE,直営店,20250527,￥0,0,￥55410,7,￥38706,4,￥5500,1,￥0,0,￥0,0,￥0,0,￥0,0,￥0,0,￥0,0,￥0,0,￥0,0,￥0,0,￥0,0
003,THE GARDEN SAPPORO                 HOKKAIDO GRILLE,直営店,20250528,￥7040,1,￥15400,2,￥72350,3,￥32560,3,￥0,0,￥0,0,￥0,0,￥0,0,￥0,0,￥0,0,￥0,0,￥0,0,￥0,0,￥0,0
003,THE GARDEN SAPPORO                 HOKKAIDO GRILLE,直営店,20250529,￥38240,2,￥47900,4,￥78940,7,￥0,0,￥0,0,￥0,0,￥0,0,￥0,0,￥0,0,￥0,0,￥0,0,￥0,0,￥0,0,￥0,0
003,THE GARDEN SAPPORO                 HOKKAIDO GRILLE,直営店,20250530,￥18700,1,￥40590,4,￥10730,2,￥23892,4,￥0,0,￥0,0,￥0,0,￥0,0,￥0,0,￥0,0,￥0,0,￥0,0,￥0,0,￥0,0
003,THE GARDEN SAPPORO                 HOKKAIDO GRILLE,直営店,20250531,￥0,0,￥41010,3,￥207030,9,￥75370,7,￥0,0,￥0,0,￥0,0,￥0,0,￥0,0,￥0,0,￥0,0,￥0,0,￥0,0,￥0,0
003,THE GARDEN SAPPORO                 HOKKAIDO GRILLE,直営店,20250601,￥26690,1,￥101080,2,￥215210,16,￥40890,2,￥0,0,￥0,0,￥0,0,￥0,0,￥0,0,￥0,0,￥0,0,￥0,0,￥0,0,￥0,0
003,THE GARDEN SAPPORO                 HOKKAIDO GRILLE,直営店,20250602,￥11000,2,￥5500,1,￥16710,3,￥11000,1,￥0,0,￥0,0,￥0,0,￥0,0,￥0,0,￥0,0,￥0,0,￥0,0,￥0,0,￥0,0
003,THE GARDEN SAPPORO                 HOKKAIDO GRILLE,直営店,20250603,￥22450,2,￥4240,1,￥97470,8,￥18430,1,￥0,0,￥0,0,￥0,0,￥0,0,￥0,0,￥0,0,￥0,0,￥0,0,￥0,0,￥0,0
003,THE GARDEN SAPPORO                 HOKKAIDO GRILLE,直営店,20250604,￥3520,1,￥43130,2,￥109690,6,￥8250,2,￥0,0,￥0,0,￥0,0,￥0,0,￥0,0,￥0,0,￥0,0,￥0,0,￥0,0,￥0,0
003,THE GARDEN SAPPORO                 HOKKAIDO GRILLE,直営店,20250605,￥4840,1,￥31680,1,￥43095,4,￥46090,2,￥0,0,￥0,0,￥0,0,￥0,0,￥0,0,￥0,0,￥0,0,￥0,0,￥0,0,￥0,0
003,THE GARDEN SAPPORO                 HOKKAIDO GRILLE,直営店,20250606,￥28330,1,￥20140,1,￥314030,11,￥27940,3,￥0,0,￥0,0,￥0,0,￥0,0,￥0,0,￥0,0,￥0,0,￥0,0,￥0,0,￥0,0
003,THE GARDEN SAPPORO                 HOKKAIDO GRILLE,直営店,20250607,￥8040,1,￥96030,4,￥231700,13,￥9790,2,￥0,0,￥0,0,￥16500,1,￥0,0,￥0,0,￥0,0,￥0,0,￥0,0,￥0,0,￥0,0
003,THE GARDEN SAPPORO                 HOKKAIDO GRILLE,直営店,20250608,￥38620,3,￥42260,4,￥102630,8,￥7040,1,￥0,0,￥0,0,￥0,0,￥0,0,￥0,0,￥0,0,￥0,0,￥0,0,￥0,0,￥0,0
003,THE GARDEN SAPPORO                 HOKKAIDO GRILLE,直営店,20250609,￥0,0,￥21240,1,￥61580,6,￥5500,1,￥0,0,￥0,0,￥0,0,￥0,0,￥0,0,￥0,0,￥0,0,￥0,0,￥0,0,￥0,0
003,THE GARDEN SAPPORO                 HOKKAIDO GRILLE,直営店,20250610,￥30040,1,￥11340,3,￥112110,8,￥9020,2,￥0,0,￥0,0,￥0,0,￥0,0,￥0,0,￥0,0,￥0,0,￥0,0,￥0,0,￥0,0
003,THE GARDEN SAPPORO                 HOKKAIDO GRILLE,直営店,20250611,￥12600,1,￥25630,2,￥58710,2,￥5500,1,￥0,0,￥0,0,￥0,0,￥0,0,￥0,0,￥0,0,￥0,0,￥0,0,￥0,0,￥0,0
003,THE GARDEN SAPPORO                 HOKKAIDO GRILLE,直営店,20250612,￥4950,1,￥29540,2,￥111990,7,￥5500,1,￥0,0,￥0,0,￥0,0,￥0,0,￥0,0,￥0,0,￥0,0,￥0,0,￥0,0,￥0,0
003,THE GARDEN SAPPORO                 HOKKAIDO GRILLE,直営店,20250613,￥8250,1,￥48400,3,￥65350,6,￥13750,1,￥0,0,￥0,0,￥0,0,￥0,0,￥0,0,￥0,0,￥0,0,￥0,0,￥0,0,￥0,0
003,THE GARDEN SAPPORO                 HOKKAIDO GRILLE,直営店,20250614,￥45490,3,￥112578,5,￥267650,11,￥12770,2,￥0,0,￥0,0,￥0,0,￥0,0,￥0,0,￥0,0,￥0,0,￥0,0,￥0,0,￥0,0
003,THE GARDEN SAPPORO                 HOKKAIDO GRILLE,直営店,20250615,￥12870,1,￥15510,2,￥205770,8,￥21880,1,￥0,0,￥0,0,￥0,0,￥0,0,￥0,0,￥0,0,￥0,0,￥0,0,￥0,0,￥0,0
003,THE GARDEN SAPPORO                 HOKKAIDO GRILLE,直営店,20250616,￥40980,3,￥19700,2,￥33320,4,￥59210,2,￥0,0,￥0,0,￥35090,1,￥0,0,￥0,0,￥0,0,￥0,0,￥0,0,￥0,0,￥0,0
003,THE GARDEN SAPPORO                 HOKKAIDO GRILLE,直営店,20250617,￥0,0,￥42350,3,￥70360,5,￥0,0,￥0,0,￥0,0,￥0,0,￥0,0,￥0,0,￥0,0,￥0,0,￥0,0,￥0,0,￥0,0
003,THE GARDEN SAPPORO                 HOKKAIDO GRILLE,直営店,20250618,￥6520,1,￥13550,1,￥126070,7,￥29402,3,￥0,0,￥0,0,￥0,0,￥0,0,￥0,0,￥0,0,￥0,0,￥0,0,￥0,0,￥0,0
003,THE GARDEN SAPPORO                 HOKKAIDO GRILLE,直営店,20250619,￥9020,3,￥3520,1,￥188130,14,￥0,0,￥0,0,￥0,0,￥4950,1,￥0,0,￥0,0,￥0,0,￥0,0,￥0,0,￥0,0,￥0,0
003,THE GARDEN SAPPORO                 HOKKAIDO GRILLE,直営店,20250620,￥6610,1,￥2750,1,￥23320,3,￥20470,2,￥0,0,￥0,0,￥0,0,￥0,0,￥0,0,￥0,0,￥0,0,￥0,0,￥0,0,￥0,0
003,THE GARDEN SAPPORO                 HOKKAIDO GRILLE,直営店,20250621,￥21630,2,￥25410,3,￥125750,5,￥26840,1,￥0,0,￥0,0,￥0,0,￥0,0,￥0,0,￥0,0,￥0,0,￥0,0,￥0,0,￥0,0
003,THE GARDEN SAPPORO                 HOKKAIDO GRILLE,直営店,20250622,￥11220,1,￥99480,4,￥162070,9,￥66844,4,￥0,0,￥0,0,￥0,0,￥0,0,￥0,0,￥0,0,￥0,0,￥0,0,￥0,0,￥0,0
003,THE GARDEN SAPPORO                 HOKKAIDO GRILLE,直営店,20250623,￥17160,1,￥44720,1,￥46010,4,￥149980,4,￥0,0,￥0,0,￥0,0,￥0,0,￥0,0,￥0,0,￥0,0,￥0,0,￥0,0,￥0,0
003,THE GARDEN SAPPORO                 HOKKAIDO GRILLE,直営店,20250624,￥18305,2,￥105560,6,￥67200,4,￥103750,5,￥0,0,￥0,0,￥0,0,￥0,0,￥0,0,￥0,0,￥0,0,￥0,0,￥0,0,￥0,0
003,THE GARDEN SAPPORO                 HOKKAIDO GRILLE,直営店,20250625,￥15730,1,￥30310,1,￥107960,6,￥62210,4,￥0,0,￥0,0,￥0,0,￥0,0,￥0,0,￥0,0,￥0,0,￥0,0,￥0,0,￥0,0
003,THE GARDEN SAPPORO                 HOKKAIDO GRILLE,直営店,20250626,￥0,0,￥20680,3,￥42680,5,￥5390,2,￥0,0,￥0,0,￥0,0,￥0,0,￥0,0,￥0,0,￥0,0,￥0,0,￥0,0,￥0,0
003,THE GARDEN SAPPORO                 HOKKAIDO GRILLE,直営店,20250627,￥0,0,￥48850,4,￥99000,6,￥0,0,￥0,0,￥0,0,￥0,0,￥0,0,￥0,0,￥0,0,￥0,0,￥0,0,￥0,0,￥0,0
003,THE GARDEN SAPPORO                 HOKKAIDO GRILLE,直営店,20250628,￥0,0,￥161160,5,￥139850,7,￥73990,4,￥0,0,￥0,0,￥0,0,￥0,0,￥0,0,￥0,0,￥0,0,￥0,0,￥0,0,￥0,0
003,THE GARDEN SAPPORO                 HOKKAIDO GRILLE,直営店,20250629,￥29370,1,￥2750,1,￥215140,12,￥15840,1,￥0,0,￥0,0,￥0,0,￥0,0,￥0,0,￥0,0,￥0,0,￥0,0,￥0,0,￥0,0
003,THE GARDEN SAPPORO                 HOKKAIDO GRILLE,直営店,20250630,￥20900,3,￥4180,1,￥33550,5,￥8530,1,￥0,0,￥0,0,￥12760,1,￥0,0,￥0,0,￥0,0,￥0,0,￥0,0,￥0,0,￥0,0
003,THE GARDEN SAPPORO                 HOKKAIDO GRILLE,直営店,20250701,￥49630,2,￥5500,2,￥75970,4,￥50070,2,￥0,0,￥0,0,￥0,0,￥0,0,￥0,0,￥0,0,￥0,0,￥0,0,￥0,0,￥0,0
003,THE GARDEN SAPPORO                 HOKKAIDO GRILLE,直営店,20250702,￥0,0,￥43290,3,￥99410,7,￥0,0,￥0,0,￥0,0,￥0,0,￥0,0,￥0,0,￥0,0,￥0,0,￥0,0,￥0,0,￥0,0
003,THE GARDEN SAPPORO                 HOKKAIDO GRILLE,直営店,20250703,￥0,0,￥4950,1,￥146310,8,￥46530,3,￥0,0,￥0,0,￥0,0,￥0,0,￥0,0,￥0,0,￥0,0,￥0,0,￥0,0,￥0,0
003,THE GARDEN SAPPORO                 HOKKAIDO GRILLE,直営店,20250704,￥0,0,￥161400,7,￥130630,5,￥46690,2,￥0,0,￥0,0,￥0,0,￥0,0,￥0,0,￥0,0,￥0,0,￥0,0,￥0,0,￥0,0
003,THE GARDEN SAPPORO                 HOKKAIDO GRILLE,直営店,20250705,￥0,0,￥113170,5,￥322270,13,￥5340,1,￥0,0,￥0,0,￥32240,1,￥0,0,￥0,0,￥0,0,￥0,0,￥0,0,￥0,0,￥0,0
003,THE GARDEN SAPPORO                 HOKKAIDO GRILLE,直営店,20250706,￥0,0,￥12590,1,￥430930,15,￥48690,4,￥0,0,￥0,0,￥0,0,￥0,0,￥0,0,￥0,0,￥0,0,￥0,0,￥0,0,￥0,0
003,THE GARDEN SAPPORO                 HOKKAIDO GRILLE,直営店,20250707,￥0,0,￥31470,2,￥181800,11,￥39600,2,￥0,0,￥0,0,￥0,0,￥0,0,￥0,0,￥0,0,￥0,0,￥0,0,￥0,0,￥0,0
003,THE GARDEN SAPPORO                 HOKKAIDO GRILLE,直営店,20250708,￥0,0,￥21180,1,￥179640,7,￥10230,2,￥0,0,￥0,0,￥0,0,￥0,0,￥0,0,￥0,0,￥0,0,￥0,0,￥0,0,￥0,0
003,THE GARDEN SAPPORO                 HOKKAIDO GRILLE,直営店,20250709,￥29980,4,￥48680,5,￥37130,3,￥0,0,￥0,0,￥0,0,￥0,0,￥0,0,￥0,0,￥0,0,￥0,0,￥0,0,￥0,0,￥0,0
003,THE GARDEN SAPPORO                 HOKKAIDO GRILLE,直営店,20250710,￥45980,2,￥17050,3,￥74360,5,￥4510,1,￥0,0,￥0,0,￥0,0,￥0,0,￥0,0,￥0,0,￥0,0,￥0,0,￥0,0,￥0,0
003,THE GARDEN SAPPORO                 HOKKAIDO GRILLE,直営店,20250711,￥5610,1,￥0,0,￥254751,8,￥14470,1,￥0,0,￥0,0,￥0,0,￥0,0,￥0,0,￥0,0,￥0,0,￥0,0,￥0,0,￥0,0
003,THE GARDEN SAPPORO                 HOKKAIDO GRILLE,直営店,20250712,￥124720,2,￥115590,3,￥173670,10,￥15070,1,￥0,0,￥0,0,￥0,0,￥0,0,￥0,0,￥0,0,￥0,0,￥0,0,￥0,0,￥0,0
003,THE GARDEN SAPPORO                 HOKKAIDO GRILLE,直営店,20250713,￥32690,2,￥2750,1,￥261740,16,￥0,0,￥0,0,￥0,0,￥0,0,￥0,0,￥0,0,￥0,0,￥0,0,￥0,0,￥0,0,￥0,0
003,THE GARDEN SAPPORO                 HOKKAIDO GRILLE,直営店,20250714,￥3300,1,￥70560,4,￥97090,8,￥85490,4,￥0,0,￥0,0,￥0,0,￥0,0,￥0,0,￥0,0,￥0,0,￥0,0,￥0,0,￥0,0
003,THE GARDEN SAPPORO                 HOKKAIDO GRILLE,直営店,20250715,￥0,0,￥33810,2,￥151610,6,￥32460,3,￥0,0,￥0,0,￥2750,1,￥0,0,￥0,0,￥0,0,￥0,0,￥0,0,￥0,0,￥0,0
003,THE GARDEN SAPPORO                 HOKKAIDO GRILLE,直営店,20250716,￥0,0,￥137600,1,￥7700,2,￥12990,1,￥0,0,￥0,0,￥0,0,￥0,0,￥0,0,￥0,0,￥0,0,￥0,0,￥0,0,￥0,0
003,THE GARDEN SAPPORO                 HOKKAIDO GRILLE,直営店,20250717,￥65310,2,￥2750,1,￥191970,7,￥17610,3,￥0,0,￥0,0,￥0,0,￥0,0,￥0,0,￥0,0,￥0,0,￥0,0,￥0,0,￥0,0
003,THE GARDEN SAPPORO                 HOKKAIDO GRILLE,直営店,20250718,￥56540,2,￥0,0,￥69320,6,￥7040,1,￥0,0,￥0,0,￥0,0,￥0,0,￥0,0,￥0,0,￥0,0,￥0,0,￥0,0,￥0,0
003,THE GARDEN SAPPORO                 HOKKAIDO GRILLE,直営店,20250719,￥39710,2,￥69150,5,￥123700,6,￥4240,1,￥0,0,￥0,0,￥0,0,￥0,0,￥0,0,￥0,0,￥0,0,￥0,0,￥0,0,￥0,0
003,THE GARDEN SAPPORO                 HOKKAIDO GRILLE,直営店,20250720,￥0,0,￥104860,5,￥167860,6,￥33330,2,￥0,0,￥0,0,￥0,0,￥0,0,￥0,0,￥0,0,￥0,0,￥0,0,￥0,0,￥0,0
003,THE GARDEN SAPPORO                 HOKKAIDO GRILLE,直営店,20250721,￥0,0,￥25190,3,￥179920,7,￥77990,1,￥0,0,￥0,0,￥0,0,￥0,0,￥0,0,￥0,0,￥0,0,￥0,0,￥0,0,￥0,0
003,THE GARDEN SAPPORO                 HOKKAIDO GRILLE,直営店,20250722,￥2750,1,￥21020,1,￥94570,6,￥0,0,￥0,0,￥0,0,￥0,0,￥0,0,￥0,0,￥0,0,￥0,0,￥0,0,￥0,0,￥0,0
003,THE GARDEN SAPPORO                 HOKKAIDO GRILLE,直営店,20250723,￥0,0,￥37460,2,￥169160,4,￥23760,1,￥0,0,￥0,0,￥0,0,￥0,0,￥0,0,￥0,0,￥0,0,￥0,0,￥0,0,￥0,0
003,THE GARDEN SAPPORO                 HOKKAIDO GRILLE,直営店,20250724,￥0,0,￥31250,2,￥112480,6,￥9020,2,￥0,0,￥0,0,￥11220,1,￥0,0,￥0,0,￥0,0,￥0,0,￥0,0,￥0,0,￥0,0
003,THE GARDEN SAPPORO                 HOKKAIDO GRILLE,直営店,20250725,￥76860,1,￥45210,2,￥19150,3,￥49940,3,￥0,0,￥0,0,￥0,0,￥0,0,￥0,0,￥0,0,￥0,0,￥0,0,￥0,0,￥0,0
003,THE GARDEN SAPPORO                 HOKKAIDO GRILLE,直営店,20250726,￥0,0,￥92960,3,￥194060,8,￥1000,1,￥0,0,￥0,0,￥0,0,￥0,0,￥0,0,￥0,0,￥0,0,￥0,0,￥0,0,￥0,0
003,THE GARDEN SAPPORO                 HOKKAIDO GRILLE,直営店,20250727,￥0,0,￥30480,1,￥75070,5,￥63920,2,￥0,0,￥0,0,￥0,0,￥0,0,￥0,0,￥0,0,￥0,0,￥0,0,￥0,0,￥0,0
003,THE GARDEN SAPPORO                 HOKKAIDO GRILLE,直営店,20250728,￥8420,1,￥39180,4,￥88780,8,￥109310,3,￥0,0,￥0,0,￥0,0,￥0,0,￥0,0,￥0,0,￥0,0,￥0,0,￥0,0,￥0,0
003,THE GARDEN SAPPORO                 HOKKAIDO GRILLE,直営店,20250729,￥0,0,￥2750,1,￥101750,3,￥41580,2,￥0,0,￥0,0,￥0,0,￥0,0,￥0,0,￥0,0,￥0,0,￥0,0,￥0,0,￥0,0
003,THE GARDEN SAPPORO                 HOKKAIDO GRILLE,直営店,20250730,￥21620,1,￥29920,1,￥182570,7,￥0,0,￥0,0,￥0,0,￥0,0,￥0,0,￥0,0,￥0,0,￥0,0,￥0,0,￥0,0,￥0,0
003,THE GARDEN SAPPORO                 HOKKAIDO GRILLE,直営店,20250731,￥19910,2,￥3580,1,￥50440,2,￥0,0,￥0,0,￥0,0,￥0,0,￥0,0,￥0,0,￥0,0,￥0,0,￥0,0,￥0,0,￥0,0
004,ひつじにわいん,直営店,20250501,￥2800,3,￥2050,2,￥30100,19,￥12750,5,￥0,0,￥0,0,￥0,0,￥0,0,￥0,0,￥0,0,￥0,0,￥0,0,￥0,0,￥0,0
004,ひつじにわいん,直営店,20250502,￥5300,1,￥0,0,￥2500,2,￥10050,6,￥0,0,￥0,0,￥0,0,￥0,0,￥0,0,￥0,0,￥0,0,￥0,0,￥0,0,￥0,0
004,ひつじにわいん,直営店,20250503,￥3100,2,￥0,0,￥15100,8,￥8200,4,￥0,0,￥0,0,￥0,0,￥0,0,￥0,0,￥0,0,￥0,0,￥0,0,￥0,0,￥0,0
004,ひつじにわいん,直営店,20250504,￥0,0,￥2500,1,￥15700,9,￥4200,2,￥0,0,￥0,0,￥0,0,￥0,0,￥0,0,￥0,0,￥0,0,￥0,0,￥0,0,￥0,0
004,ひつじにわいん,直営店,20250505,￥4000,5,￥11400,6,￥21900,11,￥6950,3,￥0,0,￥0,0,￥0,0,￥0,0,￥0,0,￥0,0,￥0,0,￥0,0,￥0,0,￥0,0
004,ひつじにわいん,直営店,20250506,￥1400,1,￥10350,8,￥17000,9,￥5200,4,￥0,0,￥0,0,￥0,0,￥0,0,￥0,0,￥0,0,￥0,0,￥0,0,￥0,0,￥0,0
004,ひつじにわいん,直営店,20250507,￥0,0,￥1350,1,￥9650,3,￥0,0,￥0,0,￥0,0,￥0,0,￥0,0,￥0,0,￥0,0,￥0,0,￥0,0,￥0,0,￥0,0
004,ひつじにわいん,直営店,20250508,￥0,0,￥0,0,￥800,1,￥1600,1,￥0,0,￥0,0,￥0,0,￥0,0,￥0,0,￥0,0,￥0,0,￥0,0,￥0,0,￥0,0
004,ひつじにわいん,直営店,20250509,￥0,0,￥4900,2,￥11500,6,￥4100,2,￥0,0,￥0,0,￥0,0,￥0,0,￥0,0,￥0,0,￥0,0,￥0,0,￥0,0,￥0,0
004,ひつじにわいん,直営店,20250510,￥0,0,￥3800,2,￥7050,3,￥2700,1,￥0,0,￥0,0,￥5900,2,￥0,0,￥0,0,￥0,0,￥0,0,￥0,0,￥0,0,￥0,0
004,ひつじにわいん,直営店,20250511,￥0,0,￥0,0,￥5900,4,￥1650,1,￥0,0,￥0,0,￥0,0,￥0,0,￥0,0,￥0,0,￥0,0,￥0,0,￥0,0,￥0,0
004,ひつじにわいん,直営店,20250512,￥1700,1,￥500,1,￥10100,5,￥2850,2,￥0,0,￥0,0,￥0,0,￥0,0,￥0,0,￥0,0,￥0,0,￥0,0,￥0,0,￥0,0
004,ひつじにわいん,直営店,20250513,￥1500,1,￥0,0,￥22800,7,￥0,0,￥0,0,￥0,0,￥0,0,￥0,0,￥0,0,￥0,0,￥0,0,￥0,0,￥0,0,￥0,0
004,ひつじにわいん,直営店,20250514,￥0,0,￥700,1,￥4850,2,￥2900,2,￥0,0,￥0,0,￥0,0,￥0,0,￥0,0,￥0,0,￥0,0,￥0,0,￥0,0,￥0,0
004,ひつじにわいん,直営店,20250515,￥0,0,￥10000,4,￥6450,5,￥0,0,￥0,0,￥0,0,￥0,0,￥0,0,￥0,0,￥0,0,￥0,0,￥0,0,￥0,0,￥0,0
004,ひつじにわいん,直営店,20250516,￥0,0,￥7200,3,￥8200,6,￥0,0,￥0,0,￥0,0,￥0,0,￥0,0,￥0,0,￥0,0,￥0,0,￥0,0,￥0,0,￥0,0
004,ひつじにわいん,直営店,20250517,￥2400,1,￥16950,10,￥23150,12,￥8100,6,￥0,0,￥0,0,￥0,0,￥0,0,￥0,0,￥0,0,￥0,0,￥0,0,￥0,0,￥0,0
004,ひつじにわいん,直営店,20250518,￥7600,2,￥20100,10,￥32100,16,￥4300,3,￥0,0,￥0,0,￥9500,2,￥0,0,￥0,0,￥0,0,￥0,0,￥0,0,￥0,0,￥0,0
004,ひつじにわいん,直営店,20250519,￥0,0,￥0,0,￥0,0,￥0,0,￥0,0,￥0,0,￥0,0,￥0,0,￥0,0,￥0,0,￥0,0,￥0,0,￥0,0,￥0,0
004,ひつじにわいん,直営店,20250520,￥0,0,￥0,0,￥0,0,￥0,0,￥0,0,￥0,0,￥0,0,￥0,0,￥0,0,￥0,0,￥0,0,￥0,0,￥0,0,￥0,0
004,ひつじにわいん,直営店,20250521,￥0,0,￥0,0,￥0,0,￥0,0,￥0,0,￥0,0,￥0,0,￥0,0,￥0,0,￥0,0,￥0,0,￥0,0,￥0,0,￥0,0
004,ひつじにわいん,直営店,20250522,￥0,0,￥0,0,￥0,0,￥0,0,￥0,0,￥0,0,￥0,0,￥0,0,￥0,0,￥0,0,￥0,0,￥0,0,￥0,0,￥0,0
004,ひつじにわいん,直営店,20250523,￥0,0,￥0,0,￥0,0,￥0,0,￥0,0,￥0,0,￥0,0,￥0,0,￥0,0,￥0,0,￥0,0,￥0,0,￥0,0,￥0,0
004,ひつじにわいん,直営店,20250524,￥0,0,￥0,0,￥0,0,￥0,0,￥0,0,￥0,0,￥0,0,￥0,0,￥0,0,￥0,0,￥0,0,￥0,0,￥0,0,￥0,0
004,ひつじにわいん,直営店,20250525,￥0,0,￥0,0,￥0,0,￥0,0,￥0,0,￥0,0,￥0,0,￥0,0,￥0,0,￥0,0,￥0,0,￥0,0,￥0,0,￥0,0
004,ひつじにわいん,直営店,20250526,￥0,0,￥0,0,￥0,0,￥0,0,￥0,0,￥0,0,￥0,0,￥0,0,￥0,0,￥0,0,￥0,0,￥0,0,￥0,0,￥0,0
004,ひつじにわいん,直営店,20250527,￥0,0,￥0,0,￥0,0,￥0,0,￥0,0,￥0,0,￥0,0,￥0,0,￥0,0,￥0,0,￥0,0,￥0,0,￥0,0,￥0,0
004,ひつじにわいん,直営店,20250528,￥0,0,￥0,0,￥0,0,￥0,0,￥0,0,￥0,0,￥0,0,￥0,0,￥0,0,￥0,0,￥0,0,￥0,0,￥0,0,￥0,0
004,ひつじにわいん,直営店,20250529,￥0,0,￥0,0,￥0,0,￥0,0,￥0,0,￥0,0,￥0,0,￥0,0,￥0,0,￥0,0,￥0,0,￥0,0,￥0,0,￥0,0
004,ひつじにわいん,直営店,20250530,￥104340,8,￥62230,9,￥142750,14,￥25000,3,￥0,0,￥0,0,￥40500,1,￥0,0,￥11000,1,￥0,0,￥0,0,￥0,0,￥0,0,￥0,0
004,ひつじにわいん,直営店,20250531,￥70640,7,￥115490,9,￥384090,33,￥239600,18,￥0,0,￥0,0,￥6750,1,￥0,0,￥0,0,￥0,0,￥0,0,￥0,0,￥0,0,￥0,0
004,ひつじにわいん,直営店,20250601,￥107800,8,￥80400,7,￥123350,13,￥82550,7,￥0,0,￥0,0,￥19900,1,￥0,0,￥0,0,￥0,0,￥0,0,￥0,0,￥0,0,￥0,0
004,ひつじにわいん,直営店,20250602,￥0,0,￥11900,3,￥54550,5,￥29150,3,￥0,0,￥0,0,￥0,0,￥0,0,￥0,0,￥0,0,￥0,0,￥0,0,￥0,0,￥0,0
004,ひつじにわいん,直営店,20250603,￥17500,1,￥16950,2,￥6950,2,￥3300,2,￥0,0,￥0,0,￥0,0,￥0,0,￥0,0,￥0,0,￥0,0,￥0,0,￥0,0,￥0,0
004,ひつじにわいん,直営店,20250604,￥0,0,￥48890,2,￥232980,8,￥35800,5,￥0,0,￥0,0,￥0,0,￥0,0,￥0,0,￥0,0,￥0,0,￥0,0,￥0,0,￥0,0
004,ひつじにわいん,直営店,20250605,￥17500,1,￥9300,2,￥15200,3,￥7300,1,￥0,0,￥0,0,￥0,0,￥0,0,￥0,0,￥0,0,￥0,0,￥0,0,￥0,0,￥0,0
004,ひつじにわいん,直営店,20250606,￥51150,3,￥85050,7,￥148550,16,￥121150,9,￥0,0,￥0,0,￥0,0,￥0,0,￥0,0,￥0,0,￥0,0,￥0,0,￥0,0,￥0,0
004,ひつじにわいん,直営店,20250607,￥20630,2,￥111250,9,￥308550,25,￥43400,7,￥0,0,￥0,0,￥8550,1,￥0,0,￥0,0,￥0,0,￥0,0,￥0,0,￥0,0,￥0,0
004,ひつじにわいん,直営店,20250608,￥64700,5,￥88900,9,￥132100,12,￥49150,7,￥0,0,￥0,0,￥16200,1,￥0,0,￥0,0,￥0,0,￥0,0,￥0,0,￥0,0,￥0,0
004,ひつじにわいん,直営店,20250609,￥138600,9,￥28350,3,￥179950,17,￥22450,6,￥0,0,￥0,0,￥0,0,￥0,0,￥0,0,￥0,0,￥0,0,￥0,0,￥0,0,￥0,0
004,ひつじにわいん,直営店,20250610,￥46850,4,￥57550,6,￥113300,13,￥63500,5,￥0,0,￥0,0,￥8800,2,￥0,0,￥0,0,￥0,0,￥0,0,￥0,0,￥0,0,￥0,0
004,ひつじにわいん,直営店,20250611,￥36350,4,￥0,0,￥98350,6,￥5300,1,￥0,0,￥0,0,￥0,0,￥0,0,￥0,0,￥0,0,￥0,0,￥0,0,￥0,0,￥0,0
004,ひつじにわいん,直営店,20250612,￥11000,1,￥12100,1,￥103700,6,￥10650,2,￥0,0,￥0,0,￥0,0,￥0,0,￥0,0,￥0,0,￥0,0,￥0,0,￥0,0,￥0,0
004,ひつじにわいん,直営店,20250613,￥60400,4,￥47900,2,￥213240,18,￥169220,14,￥0,0,￥0,0,￥0,0,￥0,0,￥0,0,￥0,0,￥0,0,￥0,0,￥0,0,￥0,0
004,ひつじにわいん,直営店,20250614,￥28750,4,￥181640,14,￥284770,23,￥194400,14,￥0,0,￥0,0,￥0,0,￥0,0,￥0,0,￥0,0,￥0,0,￥0,0,￥0,0,￥0,0
004,ひつじにわいん,直営店,20250615,￥17200,1,￥72700,8,￥271200,24,￥73300,7,￥0,0,￥0,0,￥106590,1,￥0,0,￥0,0,￥0,0,￥0,0,￥0,0,￥0,0,￥0,0
004,ひつじにわいん,直営店,20250616,￥33950,3,￥45750,5,￥70900,9,￥6800,2,￥0,0,￥0,0,￥0,0,￥0,0,￥0,0,￥0,0,￥0,0,￥0,0,￥0,0,￥0,0
004,ひつじにわいん,直営店,20250617,￥36300,2,￥45500,4,￥156400,14,￥214200,13,￥0,0,￥0,0,￥10500,1,￥0,0,￥0,0,￥0,0,￥0,0,￥0,0,￥0,0,￥0,0
004,ひつじにわいん,直営店,20250618,￥5300,1,￥120800,10,￥358700,29,￥61300,8,￥0,0,￥0,0,￥0,0,￥0,0,￥0,0,￥0,0,￥0,0,￥0,0,￥0,0,￥0,0
004,ひつじにわいん,直営店,20250619,￥158350,6,￥114400,7,￥156700,12,￥72400,9,￥0,0,￥0,0,￥0,0,￥0,0,￥0,0,￥0,0,￥0,0,￥0,0,￥0,0,￥0,0
004,ひつじにわいん,直営店,20250620,￥70400,5,￥91500,6,￥236450,20,￥104300,9,￥0,0,￥0,0,￥49500,1,￥0,0,￥0,0,￥0,0,￥0,0,￥0,0,￥0,0,￥0,0
004,ひつじにわいん,直営店,20250621,￥130250,9,￥116850,3,￥261850,21,￥76550,8,￥0,0,￥0,0,￥0,0,￥0,0,￥0,0,￥0,0,￥0,0,￥0,0,￥0,0,￥0,0
004,ひつじにわいん,直営店,20250622,￥12850,2,￥64300,4,￥189100,11,￥116300,10,￥0,0,￥0,0,￥0,0,￥0,0,￥0,0,￥0,0,￥0,0,￥0,0,￥0,0,￥0,0
004,ひつじにわいん,直営店,20250623,￥177750,11,￥156200,7,￥229350,19,￥109770,11,￥0,0,￥0,0,￥0,0,￥0,0,￥0,0,￥0,0,￥0,0,￥0,0,￥0,0,￥0,0
004,ひつじにわいん,直営店,20250624,￥148900,9,￥106450,10,￥183100,17,￥99550,8,￥0,0,￥0,0,￥34000,2,￥0,0,￥0,0,￥0,0,￥0,0,￥0,0,￥0,0,￥0,0
004,ひつじにわいん,直営店,20250625,￥76150,4,￥97800,8,￥255090,21,￥247550,15,￥0,0,￥0,0,￥0,0,￥0,0,￥0,0,￥0,0,￥0,0,￥0,0,￥0,0,￥0,0
004,ひつじにわいん,直営店,20250626,￥0,0,￥1500,1,￥77900,9,￥5000,2,￥0,0,￥0,0,￥0,0,￥0,0,￥0,0,￥0,0,￥0,0,￥0,0,￥0,0,￥0,0
004,ひつじにわいん,直営店,20250627,￥86290,5,￥152100,7,￥199070,14,￥108340,8,￥0,0,￥0,0,￥35800,1,￥0,0,￥0,0,￥0,0,￥0,0,￥0,0,￥0,0,￥0,0
004,ひつじにわいん,直営店,20250628,￥150150,8,￥188270,11,￥387040,26,￥194950,17,￥0,0,￥0,0,￥0,0,￥0,0,￥0,0,￥0,0,￥0,0,￥0,0,￥0,0,￥0,0
004,ひつじにわいん,直営店,20250629,￥202730,13,￥173692,14,￥251450,24,￥145300,12,￥0,0,￥0,0,￥17900,2,￥0,0,￥0,0,￥0,0,￥0,0,￥0,0,￥0,0,￥0,0
004,ひつじにわいん,直営店,20250630,￥128400,4,￥49500,1,￥118950,13,￥20250,3,￥0,0,￥16500,1,￥0,0,￥0,0,￥0,0,￥0,0,￥0,0,￥0,0,￥0,0,￥0,0
004,ひつじにわいん,直営店,20250701,￥52950,3,￥224900,11,￥237990,15,￥49750,6,￥0,0,￥0,0,￥0,0,￥0,0,￥0,0,￥0,0,￥0,0,￥0,0,￥0,0,￥0,0
004,ひつじにわいん,直営店,20250702,￥192960,8,￥128550,5,￥157200,15,￥187550,7,￥0,0,￥0,0,￥0,0,￥0,0,￥0,0,￥0,0,￥0,0,￥0,0,￥0,0,￥0,0
004,ひつじにわいん,直営店,20250703,￥127550,7,￥85550,5,￥435690,24,￥44750,6,￥0,0,￥0,0,￥0,0,￥0,0,￥0,0,￥0,0,￥0,0,￥0,0,￥0,0,￥0,0
004,ひつじにわいん,直営店,20250704,￥90700,4,￥112840,6,￥279000,23,￥129750,8,￥0,0,￥0,0,￥0,0,￥0,0,￥0,0,￥0,0,￥0,0,￥0,0,￥0,0,￥0,0
004,ひつじにわいん,直営店,20250705,￥78350,5,￥168520,10,￥428900,34,￥164960,14,￥0,0,￥0,0,￥16800,2,￥0,0,￥0,0,￥0,0,￥0,0,￥0,0,￥0,0,￥0,0
004,ひつじにわいん,直営店,20250706,￥164100,10,￥50600,2,￥328550,27,￥232050,17,￥0,0,￥0,0,￥48940,2,￥0,0,￥0,0,￥0,0,￥0,0,￥0,0,￥0,0,￥0,0
004,ひつじにわいん,直営店,20250707,￥30200,5,￥118300,6,￥352650,32,￥90100,9,￥0,0,￥0,0,￥28600,1,￥0,0,￥0,0,￥0,0,￥0,0,￥0,0,￥0,0,￥0,0
004,ひつじにわいん,直営店,20250708,￥48450,7,￥66850,4,￥302650,22,￥492700,10,￥0,0,￥0,0,￥0,0,￥0,0,￥0,0,￥0,0,￥0,0,￥0,0,￥0,0,￥0,0
004,ひつじにわいん,直営店,20250709,￥35100,4,￥71480,2,￥335230,26,￥147100,18,￥0,0,￥0,0,￥2800,1,￥0,0,￥0,0,￥0,0,￥0,0,￥0,0,￥0,0,￥0,0
004,ひつじにわいん,直営店,20250710,￥122500,6,￥55750,5,￥281350,26,￥217550,12,￥0,0,￥0,0,￥0,0,￥0,0,￥0,0,￥0,0,￥0,0,￥0,0,￥0,0,￥0,0
004,ひつじにわいん,直営店,20250711,￥61690,5,￥70150,6,￥690070,31,￥157550,8,￥0,0,￥0,0,￥19800,1,￥0,0,￥0,0,￥0,0,￥0,0,￥0,0,￥0,0,￥0,0
004,ひつじにわいん,直営店,20250712,￥16500,1,￥125150,9,￥286100,21,￥169040,15,￥0,0,￥0,0,￥0,0,￥0,0,￥0,0,￥0,0,￥0,0,￥0,0,￥0,0,￥0,0
004,ひつじにわいん,直営店,20250713,￥32040,5,￥222520,17,￥431770,40,￥121650,15,￥0,0,￥0,0,￥0,0,￥0,0,￥9050,1,￥0,0,￥0,0,￥0,0,￥0,0,￥0,0
004,ひつじにわいん,直営店,20250714,￥36150,4,￥144150,8,￥493850,23,￥167860,14,￥0,0,￥0,0,￥0,0,￥0,0,￥0,0,￥0,0,￥0,0,￥0,0,￥0,0,￥0,0
004,ひつじにわいん,直営店,20250715,￥159930,6,￥80690,9,￥95850,12,￥29700,3,￥0,0,￥0,0,￥0,0,￥0,0,￥0,0,￥0,0,￥0,0,￥0,0,￥0,0,￥0,0
004,ひつじにわいん,直営店,20250716,￥16500,2,￥96660,4,￥399850,19,￥10250,4,￥0,0,￥0,0,￥19310,1,￥0,0,￥0,0,￥0,0,￥0,0,￥0,0,￥0,0,￥0,0
004,ひつじにわいん,直営店,20250717,￥131030,8,￥0,0,￥416890,19,￥118550,11,￥0,0,￥0,0,￥0,0,￥0,0,￥0,0,￥0,0,￥0,0,￥0,0,￥0,0,￥0,0
004,ひつじにわいん,直営店,20250718,￥18850,2,￥247390,11,￥575210,23,￥59850,7,￥0,0,￥0,0,￥46200,1,￥0,0,￥0,0,￥0,0,￥0,0,￥0,0,￥0,0,￥0,0
004,ひつじにわいん,直営店,20250719,￥187610,8,￥307550,14,￥567470,30,￥214050,14,￥0,0,￥0,0,￥18450,1,￥0,0,￥0,0,￥0,0,￥0,0,￥0,0,￥0,0,￥0,0
004,ひつじにわいん,直営店,20250720,￥62840,5,￥153520,10,￥349890,28,￥223620,25,￥0,0,￥0,0,￥0,0,￥0,0,￥0,0,￥0,0,￥0,0,￥0,0,￥0,0,￥0,0
004,ひつじにわいん,直営店,20250721,￥45600,5,￥94860,8,￥367900,29,￥122650,11,￥0,0,￥0,0,￥0,0,￥0,0,￥0,0,￥0,0,￥0,0,￥0,0,￥0,0,￥0,0
004,ひつじにわいん,直営店,20250722,￥120670,3,￥81720,3,￥205450,15,￥191170,9,￥0,0,￥0,0,￥0,0,￥0,0,￥0,0,￥0,0,￥0,0,￥0,0,￥0,0,￥0,0
004,ひつじにわいん,直営店,20250723,￥129300,9,￥127260,2,￥208230,14,￥36650,5,￥0,0,￥0,0,￥0,0,￥0,0,￥0,0,￥0,0,￥0,0,￥0,0,￥0,0,￥0,0
004,ひつじにわいん,直営店,20250724,￥60500,1,￥249780,13,￥396610,17,￥103450,5,￥0,0,￥0,0,￥0,0,￥0,0,￥0,0,￥0,0,￥0,0,￥0,0,￥0,0,￥0,0
004,ひつじにわいん,直営店,20250725,￥137500,5,￥163400,6,￥649020,22,￥144450,7,￥0,0,￥0,0,￥0,0,￥0,0,￥16500,1,￥0,0,￥0,0,￥0,0,￥0,0,￥0,0
004,ひつじにわいん,直営店,20250726,￥210400,9,￥195320,12,￥487630,25,￥91300,3,￥0,0,￥0,0,￥0,0,￥0,0,￥0,0,￥0,0,￥0,0,￥0,0,￥0,0,￥0,0
004,ひつじにわいん,直営店,20250727,￥98550,5,￥155750,14,￥349330,25,￥209650,18,￥0,0,￥9550,1,￥33000,1,￥0,0,￥0,0,￥0,0,￥0,0,￥0,0,￥0,0,￥0,0
004,ひつじにわいん,直営店,20250728,￥11000,1,￥117650,8,￥226530,14,￥69450,5,￥0,0,￥0,0,￥0,0,￥0,0,￥0,0,￥0,0,￥0,0,￥0,0,￥0,0,￥0,0
004,ひつじにわいん,直営店,20250729,￥297050,8,￥190100,13,￥468050,12,￥84200,8,￥0,0,￥0,0,￥19300,2,￥0,0,￥0,0,￥0,0,￥0,0,￥0,0,￥0,0,￥0,0
004,ひつじにわいん,直営店,20250730,￥64700,2,￥190500,5,￥293700,18,￥369140,11,￥0,0,￥0,0,￥6800,1,￥0,0,￥0,0,￥0,0,￥0,0,￥0,0,￥0,0,￥0,0
004,ひつじにわいん,直営店,20250731,￥55000,3,￥207400,9,￥363360,20,￥132600,9,￥0,0,￥0,0,￥0,0,￥0,0,￥0,0,￥0,0,￥0,0,￥0,0,￥0,0,￥0,0
005,THE JEWELS,直営店,20250501,￥2850,3,￥64540,8,￥178560,30,￥72090,16,￥0,0,￥0,0,￥0,0,￥0,0,￥0,0,￥0,0,￥0,0,￥0,0,￥0,0,￥0,0
005,THE JEWELS,直営店,20250502,￥41450,1,￥57810,3,￥226330,12,￥23750,2,￥0,0,￥0,0,￥0,0,￥0,0,￥0,0,￥0,0,￥0,0,￥0,0,￥0,0,￥0,0
005,THE JEWELS,直営店,20250503,￥86660,8,￥47190,5,￥286550,23,￥61470,30,￥0,0,￥0,0,￥0,0,￥0,0,￥0,0,￥0,0,￥0,0,￥0,0,￥0,0,￥0,0
005,THE JEWELS,直営店,20250504,￥0,0,￥4350,2,￥286520,28,￥172460,9,￥0,0,￥0,0,￥0,0,￥0,0,￥0,0,￥0,0,￥0,0,￥0,0,￥0,0,￥0,0
005,THE JEWELS,直営店,20250505,￥77950,4,￥174360,12,￥165000,27,￥48660,12,￥0,0,￥0,0,￥0,0,￥0,0,￥0,0,￥100000,1,￥0,0,￥0,0,￥0,0,￥0,0
005,THE JEWELS,直営店,20250506,￥33130,5,￥36960,5,￥199510,25,￥65180,16,￥0,0,￥0,0,￥0,0,￥0,0,￥0,0,￥0,0,￥0,0,￥0,0,￥0,0,￥0,0
005,THE JEWELS,直営店,20250507,￥1050,2,￥57780,4,￥1900,2,￥34600,5,￥0,0,￥0,0,￥0,0,￥0,0,￥0,0,￥0,0,￥0,0,￥0,0,￥0,0,￥0,0
005,THE JEWELS,直営店,20250508,￥0,0,￥35420,1,￥170270,14,￥46450,11,￥0,0,￥0,0,￥0,0,￥0,0,￥0,0,￥0,0,￥0,0,￥0,0,￥0,0,￥0,0
005,THE JEWELS,直営店,20250509,￥53510,2,￥750,1,￥219220,19,￥87100,10,￥0,0,￥0,0,￥0,0,￥0,0,￥0,0,￥0,0,￥0,0,￥0,0,￥0,0,￥0,0
005,THE JEWELS,直営店,20250510,￥0,0,￥40420,3,￥212680,11,￥1200,2,￥0,0,￥0,0,￥0,0,￥0,0,￥0,0,￥28820,1,￥0,0,￥0,0,￥0,0,￥0,0
005,THE JEWELS,直営店,20250511,￥9980,2,￥158520,10,￥110190,17,￥87180,7,￥0,0,￥0,0,￥0,0,￥0,0,￥0,0,￥110000,1,￥0,0,￥0,0,￥0,0,￥0,0
005,THE JEWELS,直営店,20250512,￥1300,1,￥3250,4,￥83830,10,￥71280,10,￥0,0,￥0,0,￥0,0,￥0,0,￥0,0,￥36210,2,￥0,0,￥0,0,￥0,0,￥0,0
005,THE JEWELS,直営店,20250513,￥34930,2,￥36600,2,￥144930,19,￥23250,2,￥0,0,￥0,0,￥0,0,￥0,0,￥0,0,￥0,0,￥0,0,￥0,0,￥0,0,￥0,0
005,THE JEWELS,直営店,20250514,￥44400,2,￥19480,3,￥80350,11,￥75590,6,￥0,0,￥0,0,￥31150,1,￥0,0,￥33600,1,￥0,0,￥0,0,￥0,0,￥0,0,￥0,0
005,THE JEWELS,直営店,20250515,￥84590,4,￥55420,4,￥65690,5,￥60540,10,￥0,0,￥0,0,￥0,0,￥0,0,￥0,0,￥0,0,￥0,0,￥0,0,￥0,0,￥0,0
005,THE JEWELS,直営店,20250516,￥48030,3,￥37320,6,￥53900,12,￥97270,9,￥0,0,￥0,0,￥0,0,￥0,0,￥0,0,￥33170,1,￥0,0,￥0,0,￥0,0,￥0,0
005,THE JEWELS,直営店,20250517,￥900,1,￥42750,3,￥282320,14,￥12650,7,￥0,0,￥0,0,￥0,0,￥0,0,￥0,0,￥0,0,￥0,0,￥0,0,￥0,0,￥0,0
005,THE JEWELS,直営店,20250518,￥2600,2,￥155290,2,￥129730,17,￥10120,9,￥0,0,￥0,0,￥0,0,￥0,0,￥0,0,￥40370,1,￥0,0,￥0,0,￥0,0,￥0,0
005,THE JEWELS,直営店,20250519,￥108670,4,￥63890,3,￥56960,11,￥116500,11,￥0,0,￥0,0,￥0,0,￥0,0,￥0,0,￥33540,1,￥0,0,￥0,0,￥0,0,￥0,0
005,THE JEWELS,直営店,20250520,￥68160,2,￥27800,1,￥157930,12,￥221860,10,￥0,0,￥0,0,￥0,0,￥0,0,￥0,0,￥0,0,￥0,0,￥0,0,￥0,0,￥0,0
005,THE JEWELS,直営店,20250521,￥1100,1,￥0,0,￥4390,7,￥6300,2,￥0,0,￥400,1,￥0,0,￥0,0,￥0,0,￥0,0,￥0,0,￥0,0,￥0,0,￥0,0
005,THE JEWELS,直営店,20250522,￥27600,2,￥39910,1,￥65380,9,￥24860,4,￥0,0,￥0,0,￥0,0,￥0,0,￥0,0,￥0,0,￥0,0,￥0,0,￥0,0,￥0,0
005,THE JEWELS,直営店,20250523,￥0,0,￥21150,3,￥9950,10,￥5550,4,￥0,0,￥0,0,￥0,0,￥0,0,￥0,0,￥0,0,￥0,0,￥0,0,￥0,0,￥0,0
005,THE JEWELS,直営店,20250524,￥1950,3,￥129070,10,￥201970,23,￥100940,14,￥0,0,￥0,0,￥0,0,￥0,0,￥0,0,￥0,0,￥0,0,￥0,0,￥0,0,￥0,0
005,THE JEWELS,直営店,20250525,￥1400,1,￥77370,4,￥114930,7,￥55410,2,￥0,0,￥0,0,￥0,0,￥0,0,￥0,0,￥37110,1,￥0,0,￥0,0,￥0,0,￥0,0
005,THE JEWELS,直営店,20250526,￥0,0,￥350,1,￥172470,13,￥95440,7,￥0,0,￥0,0,￥34500,1,￥0,0,￥0,0,￥79970,1,￥0,0,￥0,0,￥0,0,￥0,0
005,THE JEWELS,直営店,20250527,￥34600,3,￥34300,2,￥109330,27,￥124110,8,￥0,0,￥0,0,￥0,0,￥0,0,￥0,0,￥0,0,￥0,0,￥0,0,￥0,0,￥0,0
005,THE JEWELS,直営店,20250528,￥600,1,￥29340,1,￥240570,12,￥118480,10,￥0,0,￥0,0,￥0,0,￥0,0,￥0,0,￥0,0,￥0,0,￥0,0,￥0,0,￥0,0
005,THE JEWELS,直営店,20250529,￥1470,2,￥78000,3,￥15090,11,￥3950,3,￥0,0,￥0,0,￥0,0,￥0,0,￥0,0,￥0,0,￥0,0,￥0,0,￥0,0,￥0,0
005,THE JEWELS,直営店,20250530,￥9550,1,￥28310,3,￥123070,11,￥36300,6,￥0,0,￥0,0,￥0,0,￥0,0,￥0,0,￥0,0,￥0,0,￥0,0,￥0,0,￥0,0
005,THE JEWELS,直営店,20250531,￥113500,6,￥76070,9,￥162790,19,￥103090,12,￥0,0,￥0,0,￥0,0,￥0,0,￥0,0,￥55000,1,￥0,0,￥0,0,￥0,0,￥0,0
005,THE JEWELS,直営店,20250601,￥48940,5,￥94750,8,￥212490,31,￥47090,12,￥0,0,￥0,0,￥31560,1,￥0,0,￥0,0,￥0,0,￥0,0,￥0,0,￥0,0,￥0,0
005,THE JEWELS,直営店,20250602,￥71700,3,￥500,1,￥167310,12,￥7400,5,￥0,0,￥0,0,￥0,0,￥0,0,￥30770,1,￥0,0,￥0,0,￥0,0,￥0,0,￥0,0
005,THE JEWELS,直営店,20250603,￥1300,2,￥1300,2,￥144730,14,￥269750,10,￥0,0,￥0,0,￥0,0,￥0,0,￥0,0,￥21100,1,￥0,0,￥0,0,￥0,0,￥0,0
005,THE JEWELS,直営店,20250604,￥0,0,￥38350,1,￥2350,2,￥35900,2,￥0,0,￥0,0,￥0,0,￥0,0,￥0,0,￥0,0,￥0,0,￥0,0,￥0,0,￥0,0
005,THE JEWELS,直営店,20250605,￥2120,3,￥1200,2,￥229510,18,￥36000,7,￥0,0,￥0,0,￥0,0,￥0,0,￥0,0,￥0,0,￥0,0,￥0,0,￥0,0,￥0,0
005,THE JEWELS,直営店,20250606,￥350,1,￥45310,5,￥114360,9,￥80830,6,￥0,0,￥0,0,￥0,0,￥0,0,￥0,0,￥132000,2,￥0,0,￥0,0,￥0,0,￥0,0
005,THE JEWELS,直営店,20250607,￥60160,2,￥18330,4,￥133290,15,￥48140,5,￥0,0,￥0,0,￥0,0,￥0,0,￥0,0,￥0,0,￥0,0,￥0,0,￥0,0,￥0,0
005,THE JEWELS,直営店,20250608,￥3600,3,￥6670,5,￥20160,20,￥7250,7,￥0,0,￥0,0,￥0,0,￥0,0,￥0,0,￥0,0,￥0,0,￥0,0,￥0,0,￥0,0
005,THE JEWELS,直営店,20250609,￥83970,2,￥41000,3,￥98380,20,￥28880,10,￥0,0,￥0,0,￥0,0,￥0,0,￥0,0,￥0,0,￥0,0,￥0,0,￥0,0,￥0,0
005,THE JEWELS,直営店,20250610,￥0,0,￥126510,6,￥207970,18,￥65660,12,￥0,0,￥0,0,￥0,0,￥0,0,￥0,0,￥0,0,￥0,0,￥0,0,￥0,0,￥0,0
005,THE JEWELS,直営店,20250611,￥93300,3,￥22760,1,￥145420,13,￥3750,2,￥0,0,￥0,0,￥39950,1,￥0,0,￥0,0,￥25740,1,￥0,0,￥0,0,￥0,0,￥0,0
005,THE JEWELS,直営店,20250612,￥1600,1,￥25100,1,￥294410,12,￥104480,7,￥0,0,￥0,0,￥0,0,￥0,0,￥0,0,￥0,0,￥0,0,￥0,0,￥0,0,￥0,0
005,THE JEWELS,直営店,20250613,￥3200,3,￥3150,3,￥34300,6,￥6520,5,￥0,0,￥0,0,￥0,0,￥0,0,￥0,0,￥0,0,￥0,0,￥0,0,￥0,0,￥0,0
005,THE JEWELS,直営店,20250614,￥68530,4,￥27870,5,￥279220,23,￥44270,9,￥0,0,￥0,0,￥0,0,￥0,0,￥0,0,￥36250,1,￥0,0,￥0,0,￥0,0,￥0,0
005,THE JEWELS,直営店,20250615,￥5720,4,￥57110,4,￥161090,28,￥15140,5,￥0,0,￥0,0,￥0,0,￥0,0,￥0,0,￥0,0,￥0,0,￥0,0,￥0,0,￥0,0
005,THE JEWELS,直営店,20250616,￥8080,1,￥59990,2,￥175330,13,￥40550,5,￥0,0,￥0,0,￥0,0,￥0,0,￥0,0,￥175770,3,￥0,0,￥0,0,￥0,0,￥0,0
005,THE JEWELS,直営店,20250617,￥0,0,￥26490,4,￥78600,10,￥55550,3,￥0,0,￥0,0,￥0,0,￥0,0,￥0,0,￥120600,3,￥0,0,￥0,0,￥0,0,￥0,0
005,THE JEWELS,直営店,20250618,￥1000,1,￥24560,6,￥81910,10,￥105610,5,￥0,0,￥0,0,￥39950,1,￥0,0,￥0,0,￥37900,1,￥0,0,￥0,0,￥0,0,￥0,0
005,THE JEWELS,直営店,20250619,￥0,0,￥14860,2,￥102430,11,￥11570,9,￥0,0,￥0,0,￥0,0,￥0,0,￥0,0,￥114460,4,￥0,0,￥0,0,￥0,0,￥0,0
005,THE JEWELS,直営店,20250620,￥33670,2,￥60900,2,￥181880,19,￥33990,9,￥0,0,￥0,0,￥47750,2,￥0,0,￥0,0,￥60620,2,￥0,0,￥0,0,￥0,0,￥0,0
005,THE JEWELS,直営店,20250621,￥0,0,￥164480,8,￥118230,14,￥64390,9,￥0,0,￥0,0,￥0,0,￥0,0,￥0,0,￥0,0,￥0,0,￥0,0,￥0,0,￥0,0
005,THE JEWELS,直営店,20250622,￥36400,1,￥54470,5,￥244070,29,￥77160,12,￥0,0,￥0,0,￥0,0,￥0,0,￥0,0,￥0,0,￥0,0,￥0,0,￥0,0,￥0,0
005,THE JEWELS,直営店,20250623,￥1950,2,￥49920,2,￥119290,10,￥27450,10,￥0,0,￥0,0,￥0,0,￥0,0,￥0,0,￥83870,2,￥0,0,￥0,0,￥0,0,￥0,0
005,THE JEWELS,直営店,20250624,￥1100,1,￥62120,3,￥282640,15,￥24740,7,￥0,0,￥0,0,￥0,0,￥0,0,￥0,0,￥0,0,￥0,0,￥0,0,￥0,0,￥0,0
005,THE JEWELS,直営店,20250625,￥1550,2,￥33320,2,￥5400,7,￥31350,9,￥0,0,￥0,0,￥0,0,￥0,0,￥0,0,￥0,0,￥0,0,￥0,0,￥0,0,￥0,0
005,THE JEWELS,直営店,20250626,￥49510,2,￥31800,2,￥119960,10,￥54760,5,￥0,0,￥0,0,￥0,0,￥0,0,￥1500,1,￥130000,3,￥0,0,￥0,0,￥0,0,￥0,0
005,THE JEWELS,直営店,20250627,￥138730,4,￥550,1,￥249660,10,￥138530,4,￥0,0,￥0,0,￥0,0,￥0,0,￥0,0,￥19800,1,￥0,0,￥0,0,￥0,0,￥0,0
005,THE JEWELS,直営店,20250628,￥39150,5,￥61540,9,￥319790,27,￥13340,7,￥0,0,￥0,0,￥0,0,￥0,0,￥0,0,￥55000,1,￥0,0,￥0,0,￥0,0,￥0,0
005,THE JEWELS,直営店,20250629,￥54970,5,￥60880,7,￥268320,36,￥43450,16,￥0,0,￥0,0,￥0,0,￥0,0,￥0,0,￥51970,2,￥0,0,￥0,0,￥0,0,￥0,0
005,THE JEWELS,直営店,20250630,￥500,1,￥103870,6,￥134780,17,￥102090,10,￥0,0,￥0,0,￥37050,2,￥0,0,￥0,0,￥50920,2,￥0,0,￥0,0,￥0,0,￥0,0
005,THE JEWELS,直営店,20250701,￥22230,4,￥0,0,￥82340,13,￥60100,9,￥0,0,￥0,0,￥0,0,￥0,0,￥0,0,￥81900,3,￥0,0,￥0,0,￥0,0,￥0,0
005,THE JEWELS,直営店,20250702,￥2350,1,￥1550,1,￥10040,9,￥2650,3,￥0,0,￥0,0,￥0,0,￥0,0,￥0,0,￥0,0,￥0,0,￥0,0,￥0,0,￥0,0
005,THE JEWELS,直営店,20250703,￥1150,2,￥33250,6,￥10000,11,￥6150,7,￥0,0,￥0,0,￥0,0,￥0,0,￥0,0,￥0,0,￥0,0,￥0,0,￥0,0,￥0,0
005,THE JEWELS,直営店,20250704,￥550,1,￥92420,3,￥194090,18,￥59190,12,￥0,0,￥0,0,￥0,0,￥0,0,￥0,0,￥0,0,￥0,0,￥0,0,￥0,0,￥0,0
005,THE JEWELS,直営店,20250705,￥2350,2,￥103840,8,￥153480,35,￥46200,11,￥0,0,￥0,0,￥2500,1,￥0,0,￥0,0,￥47870,3,￥0,0,￥0,0,￥0,0,￥0,0
005,THE JEWELS,直営店,20250706,￥65472,5,￥45940,8,￥205172,27,￥10020,10,￥0,0,￥0,0,￥0,0,￥0,0,￥0,0,￥52660,1,￥0,0,￥0,0,￥0,0,￥0,0
005,THE JEWELS,直営店,20250707,￥91300,3,￥28920,3,￥196410,18,￥52010,8,￥0,0,￥0,0,￥0,0,￥0,0,￥0,0,￥62400,2,￥0,0,￥0,0,￥0,0,￥0,0
005,THE JEWELS,直営店,20250708,￥80390,5,￥6320,5,￥103820,22,￥41890,9,￥0,0,￥0,0,￥0,0,￥0,0,￥0,0,￥0,0,￥0,0,￥0,0,￥0,0,￥0,0
005,THE JEWELS,直営店,20250709,￥35600,1,￥42450,7,￥90410,16,￥71480,9,￥0,0,￥0,0,￥0,0,￥0,0,￥0,0,￥79840,3,￥0,0,￥0,0,￥0,0,￥0,0
005,THE JEWELS,直営店,20250710,￥1650,2,￥53160,3,￥217850,25,￥125520,13,￥0,0,￥0,0,￥0,0,￥0,0,￥0,0,￥23400,1,￥0,0,￥0,0,￥0,0,￥0,0
005,THE JEWELS,直営店,20250711,￥32490,4,￥53550,3,￥186330,13,￥103400,8,￥0,0,￥0,0,￥0,0,￥0,0,￥0,0,￥24850,1,￥0,0,￥0,0,￥0,0,￥0,0
005,THE JEWELS,直営店,20250712,￥4450,4,￥61040,12,￥169640,19,￥84860,10,￥0,0,￥0,0,￥0,0,￥0,0,￥0,0,￥112270,2,￥0,0,￥0,0,￥0,0,￥0,0
005,THE JEWELS,直営店,20250713,￥55850,3,￥21830,4,￥254990,31,￥69050,10,￥0,0,￥0,0,￥36500,1,￥0,0,￥0,0,￥56700,2,￥0,0,￥0,0,￥0,0,￥0,0
005,THE JEWELS,直営店,20250714,￥0,0,￥81270,5,￥30100,11,￥28070,4,￥0,0,￥0,0,￥0,0,￥0,0,￥0,0,￥77300,3,￥0,0,￥0,0,￥0,0,￥0,0
005,THE JEWELS,直営店,20250715,￥60210,2,￥84530,3,￥66560,17,￥1850,2,￥0,0,￥0,0,￥0,0,￥0,0,￥0,0,￥155890,4,￥0,0,￥0,0,￥0,0,￥0,0
005,THE JEWELS,直営店,20250716,￥89620,4,￥58340,4,￥78080,13,￥53700,6,￥0,0,￥0,0,￥0,0,￥0,0,￥0,0,￥125080,4,￥0,0,￥0,0,￥0,0,￥0,0
005,THE JEWELS,直営店,20250717,￥28580,2,￥4800,3,￥282670,25,￥144190,13,￥0,0,￥0,0,￥0,0,￥0,0,￥0,0,￥54340,2,￥0,0,￥0,0,￥0,0,￥0,0
005,THE JEWELS,直営店,20250718,￥36370,3,￥51310,5,￥267510,14,￥66220,6,￥0,0,￥0,0,￥0,0,￥0,0,￥0,0,￥30200,1,￥0,0,￥0,0,￥0,0,￥0,0
005,THE JEWELS,直営店,20250719,￥15500,1,￥33350,6,￥267770,25,￥57850,7,￥0,0,￥0,0,￥0,0,￥0,0,￥0,0,￥165580,2,￥0,0,￥0,0,￥0,0,￥0,0
005,THE JEWELS,直営店,20250720,￥3600,2,￥3950,3,￥28920,20,￥14550,6,￥0,0,￥0,0,￥0,0,￥0,0,￥0,0,￥0,0,￥0,0,￥0,0,￥0,0,￥0,0
005,THE JEWELS,直営店,20250721,￥33220,2,￥96140,2,￥127060,7,￥112620,3,￥0,0,￥0,0,￥0,0,￥0,0,￥0,0,￥59150,2,￥0,0,￥0,0,￥0,0,￥0,0
005,THE JEWELS,直営店,20250722,￥0,0,￥34620,1,￥54450,2,￥65950,2,￥0,0,￥0,0,￥0,0,￥0,0,￥0,0,￥69480,2,￥0,0,￥0,0,￥0,0,￥0,0
005,THE JEWELS,直営店,20250723,￥19780,1,￥28100,1,￥146260,5,￥50280,2,￥0,0,￥0,0,￥0,0,￥0,0,￥0,0,￥57750,2,￥0,0,￥0,0,￥0,0,￥0,0
005,THE JEWELS,直営店,20250724,￥93980,2,￥55720,2,￥197410,5,￥16910,1,￥0,0,￥0,0,￥0,0,￥0,0,￥0,0,￥19800,1,￥0,0,￥0,0,￥0,0,￥0,0
005,THE JEWELS,直営店,20250725,￥38800,1,￥21730,1,￥93740,4,￥83520,4,￥0,0,￥0,0,￥0,0,￥0,0,￥0,0,￥45270,2,￥0,0,￥0,0,￥0,0,￥0,0
005,THE JEWELS,直営店,20250726,￥16430,1,￥100830,3,￥130240,5,￥14040,1,￥0,0,￥0,0,￥0,0,￥0,0,￥0,0,￥85140,3,￥0,0,￥0,0,￥0,0,￥0,0
005,THE JEWELS,直営店,20250727,￥0,0,￥66490,2,￥191800,7,￥132360,5,￥0,0,￥0,0,￥0,0,￥0,0,￥0,0,￥22220,1,￥0,0,￥0,0,￥0,0,￥0,0
005,THE JEWELS,直営店,20250728,￥16130,1,￥0,0,￥128800,5,￥46630,2,￥0,0,￥0,0,￥0,0,￥0,0,￥0,0,￥0,0,￥0,0,￥0,0,￥0,0,￥0,0
005,THE JEWELS,直営店,20250729,￥0,0,￥0,0,￥122320,4,￥52570,2,￥0,0,￥0,0,￥0,0,￥0,0,￥0,0,￥173770,5,￥0,0,￥0,0,￥0,0,￥0,0
005,THE JEWELS,直営店,20250730,￥2450,2,￥70440,3,￥55820,16,￥108330,6,￥0,0,￥0,0,￥0,0,￥0,0,￥0,0,￥67630,3,￥0,0,￥0,0,￥0,0,￥0,0
005,THE JEWELS,直営店,20250731,￥1950,1,￥70020,2,￥200270,13,￥4850,4,￥0,0,￥0,0,￥0,0,￥0,0,￥0,0,￥177200,2,￥0,0,￥0,0,￥0,0,￥0,0
006,LA BRIQUE SAPPORO Akarenga Terrace,直営店,20250501,￥0,0,￥0,0,￥0,0,￥0,0,￥0,0,￥0,0,￥0,0,￥0,0,￥0,0,￥0,0,￥0,0,￥0,0,￥0,0,￥0,0
006,LA BRIQUE SAPPORO Akarenga Terrace,直営店,20250502,￥0,0,￥0,0,￥0,0,￥0,0,￥0,0,￥0,0,￥0,0,￥0,0,￥0,0,￥0,0,￥0,0,￥0,0,￥0,0,￥0,0
006,LA BRIQUE SAPPORO Akarenga Terrace,直営店,20250503,￥0,0,￥0,0,￥0,0,￥0,0,￥0,0,￥0,0,￥0,0,￥0,0,￥0,0,￥0,0,￥0,0,￥0,0,￥0,0,￥0,0
006,LA BRIQUE SAPPORO Akarenga Terrace,直営店,20250504,￥0,0,￥0,0,￥0,0,￥0,0,￥0,0,￥0,0,￥0,0,￥0,0,￥0,0,￥0,0,￥0,0,￥0,0,￥0,0,￥0,0
006,LA BRIQUE SAPPORO Akarenga Terrace,直営店,20250505,￥0,0,￥0,0,￥0,0,￥0,0,￥0,0,￥0,0,￥0,0,￥0,0,￥0,0,￥0,0,￥0,0,￥0,0,￥0,0,￥0,0
006,LA BRIQUE SAPPORO Akarenga Terrace,直営店,20250506,￥0,0,￥0,0,￥0,0,￥0,0,￥0,0,￥0,0,￥0,0,￥0,0,￥0,0,￥0,0,￥0,0,￥0,0,￥0,0,￥0,0
006,LA BRIQUE SAPPORO Akarenga Terrace,直営店,20250507,￥0,0,￥0,0,￥0,0,￥0,0,￥0,0,￥0,0,￥0,0,￥0,0,￥0,0,￥0,0,￥0,0,￥0,0,￥0,0,￥0,0
006,LA BRIQUE SAPPORO Akarenga Terrace,直営店,20250508,￥0,0,￥0,0,￥0,0,￥0,0,￥0,0,￥0,0,￥0,0,￥0,0,￥0,0,￥0,0,￥0,0,￥0,0,￥0,0,￥0,0
006,LA BRIQUE SAPPORO Akarenga Terrace,直営店,20250509,￥0,0,￥0,0,￥0,0,￥0,0,￥0,0,￥0,0,￥0,0,￥0,0,￥0,0,￥0,0,￥0,0,￥0,0,￥0,0,￥0,0
006,LA BRIQUE SAPPORO Akarenga Terrace,直営店,20250510,￥0,0,￥0,0,￥0,0,￥0,0,￥0,0,￥0,0,￥0,0,￥0,0,￥0,0,￥0,0,￥0,0,￥0,0,￥0,0,￥0,0
006,LA BRIQUE SAPPORO Akarenga Terrace,直営店,20250511,￥0,0,￥0,0,￥0,0,￥0,0,￥0,0,￥0,0,￥0,0,￥0,0,￥0,0,￥0,0,￥0,0,￥0,0,￥0,0,￥0,0
006,LA BRIQUE SAPPORO Akarenga Terrace,直営店,20250512,￥0,0,￥0,0,￥0,0,￥0,0,￥0,0,￥0,0,￥0,0,￥0,0,￥0,0,￥0,0,￥0,0,￥0,0,￥0,0,￥0,0
006,LA BRIQUE SAPPORO Akarenga Terrace,直営店,20250513,￥0,0,￥0,0,￥0,0,￥0,0,￥0,0,￥0,0,￥0,0,￥0,0,￥0,0,￥0,0,￥0,0,￥0,0,￥0,0,￥0,0
006,LA BRIQUE SAPPORO Akarenga Terrace,直営店,20250514,￥0,0,￥0,0,￥0,0,￥0,0,￥0,0,￥0,0,￥0,0,￥0,0,￥0,0,￥0,0,￥0,0,￥0,0,￥0,0,￥0,0
006,LA BRIQUE SAPPORO Akarenga Terrace,直営店,20250515,￥0,0,￥0,0,￥0,0,￥0,0,￥0,0,￥0,0,￥0,0,￥0,0,￥0,0,￥0,0,￥0,0,￥0,0,￥0,0,￥0,0
006,LA BRIQUE SAPPORO Akarenga Terrace,直営店,20250516,￥0,0,￥0,0,￥0,0,￥0,0,￥0,0,￥0,0,￥0,0,￥0,0,￥0,0,￥0,0,￥0,0,￥0,0,￥0,0,￥0,0
006,LA BRIQUE SAPPORO Akarenga Terrace,直営店,20250517,￥0,0,￥0,0,￥0,0,￥0,0,￥0,0,￥0,0,￥0,0,￥0,0,￥0,0,￥0,0,￥0,0,￥0,0,￥0,0,￥0,0
006,LA BRIQUE SAPPORO Akarenga Terrace,直営店,20250518,￥0,0,￥0,0,￥0,0,￥0,0,￥0,0,￥0,0,￥0,0,￥0,0,￥0,0,￥0,0,￥0,0,￥0,0,￥0,0,￥0,0
006,LA BRIQUE SAPPORO Akarenga Terrace,直営店,20250519,￥0,0,￥0,0,￥0,0,￥0,0,￥0,0,￥0,0,￥0,0,￥0,0,￥0,0,￥0,0,￥0,0,￥0,0,￥0,0,￥0,0
006,LA BRIQUE SAPPORO Akarenga Terrace,直営店,20250520,￥0,0,￥0,0,￥0,0,￥0,0,￥0,0,￥0,0,￥0,0,￥0,0,￥0,0,￥0,0,￥0,0,￥0,0,￥0,0,￥0,0
006,LA BRIQUE SAPPORO Akarenga Terrace,直営店,20250521,￥0,0,￥0,0,￥0,0,￥0,0,￥0,0,￥0,0,￥0,0,￥0,0,￥0,0,￥0,0,￥0,0,￥0,0,￥0,0,￥0,0
006,LA BRIQUE SAPPORO Akarenga Terrace,直営店,20250522,￥0,0,￥0,0,￥0,0,￥0,0,￥0,0,￥0,0,￥0,0,￥0,0,￥0,0,￥0,0,￥0,0,￥0,0,￥0,0,￥0,0
006,LA BRIQUE SAPPORO Akarenga Terrace,直営店,20250523,￥0,0,￥0,0,￥0,0,￥0,0,￥0,0,￥0,0,￥0,0,￥0,0,￥0,0,￥0,0,￥0,0,￥0,0,￥0,0,￥0,0
006,LA BRIQUE SAPPORO Akarenga Terrace,直営店,20250524,￥0,0,￥0,0,￥0,0,￥0,0,￥0,0,￥0,0,￥0,0,￥0,0,￥0,0,￥0,0,￥0,0,￥0,0,￥0,0,￥0,0
006,LA BRIQUE SAPPORO Akarenga Terrace,直営店,20250525,￥0,0,￥0,0,￥0,0,￥0,0,￥0,0,￥0,0,￥0,0,￥0,0,￥0,0,￥0,0,￥0,0,￥0,0,￥0,0,￥0,0
006,LA BRIQUE SAPPORO Akarenga Terrace,直営店,20250526,￥0,0,￥0,0,￥0,0,￥0,0,￥0,0,￥0,0,￥0,0,￥0,0,￥0,0,￥0,0,￥0,0,￥0,0,￥0,0,￥0,0
006,LA BRIQUE SAPPORO Akarenga Terrace,直営店,20250527,￥0,0,￥0,0,￥0,0,￥0,0,￥0,0,￥0,0,￥0,0,￥0,0,￥0,0,￥0,0,￥0,0,￥0,0,￥0,0,￥0,0
006,LA BRIQUE SAPPORO Akarenga Terrace,直営店,20250528,￥0,0,￥0,0,￥0,0,￥0,0,￥0,0,￥0,0,￥0,0,￥0,0,￥0,0,￥0,0,￥0,0,￥0,0,￥0,0,￥0,0
006,LA BRIQUE SAPPORO Akarenga Terrace,直営店,20250529,￥0,0,￥0,0,￥0,0,￥0,0,￥0,0,￥0,0,￥0,0,￥0,0,￥0,0,￥0,0,￥0,0,￥0,0,￥0,0,￥0,0
006,LA BRIQUE SAPPORO Akarenga Terrace,直営店,20250530,￥0,0,￥0,0,￥0,0,￥0,0,￥0,0,￥0,0,￥0,0,￥0,0,￥0,0,￥0,0,￥0,0,￥0,0,￥0,0,￥0,0
006,LA BRIQUE SAPPORO Akarenga Terrace,直営店,20250531,￥0,0,￥0,0,￥0,0,￥0,0,￥0,0,￥0,0,￥0,0,￥0,0,￥0,0,￥0,0,￥0,0,￥0,0,￥0,0,￥0,0
006,LA BRIQUE SAPPORO Akarenga Terrace,直営店,20250601,￥0,0,￥0,0,￥0,0,￥0,0,￥0,0,￥0,0,￥0,0,￥0,0,￥0,0,￥0,0,￥0,0,￥0,0,￥0,0,￥0,0
006,LA BRIQUE SAPPORO Akarenga Terrace,直営店,20250602,￥0,0,￥0,0,￥0,0,￥0,0,￥0,0,￥0,0,￥0,0,￥0,0,￥0,0,￥0,0,￥0,0,￥0,0,￥0,0,￥0,0
006,LA BRIQUE SAPPORO Akarenga Terrace,直営店,20250603,￥0,0,￥0,0,￥0,0,￥0,0,￥0,0,￥0,0,￥0,0,￥0,0,￥0,0,￥0,0,￥0,0,￥0,0,￥0,0,￥0,0
006,LA BRIQUE SAPPORO Akarenga Terrace,直営店,20250604,￥0,0,￥0,0,￥0,0,￥0,0,￥0,0,￥0,0,￥0,0,￥0,0,￥0,0,￥0,0,￥0,0,￥0,0,￥0,0,￥0,0
006,LA BRIQUE SAPPORO Akarenga Terrace,直営店,20250605,￥0,0,￥0,0,￥0,0,￥0,0,￥0,0,￥0,0,￥0,0,￥0,0,￥0,0,￥0,0,￥0,0,￥0,0,￥0,0,￥0,0
006,LA BRIQUE SAPPORO Akarenga Terrace,直営店,20250606,￥0,0,￥0,0,￥0,0,￥0,0,￥0,0,￥0,0,￥0,0,￥0,0,￥0,0,￥0,0,￥0,0,￥0,0,￥0,0,￥0,0
006,LA BRIQUE SAPPORO Akarenga Terrace,直営店,20250607,￥0,0,￥0,0,￥0,0,￥0,0,￥0,0,￥0,0,￥0,0,￥0,0,￥0,0,￥0,0,￥0,0,￥0,0,￥0,0,￥0,0
006,LA BRIQUE SAPPORO Akarenga Terrace,直営店,20250608,￥0,0,￥0,0,￥0,0,￥0,0,￥0,0,￥0,0,￥0,0,￥0,0,￥0,0,￥0,0,￥0,0,￥0,0,￥0,0,￥0,0
006,LA BRIQUE SAPPORO Akarenga Terrace,直営店,20250609,￥0,0,￥0,0,￥0,0,￥0,0,￥0,0,￥0,0,￥0,0,￥0,0,￥0,0,￥0,0,￥0,0,￥0,0,￥0,0,￥0,0
006,LA BRIQUE SAPPORO Akarenga Terrace,直営店,20250610,￥0,0,￥0,0,￥0,0,￥0,0,￥0,0,￥0,0,￥0,0,￥0,0,￥0,0,￥0,0,￥0,0,￥0,0,￥0,0,￥0,0
006,LA BRIQUE SAPPORO Akarenga Terrace,直営店,20250611,￥0,0,￥0,0,￥0,0,￥0,0,￥0,0,￥0,0,￥0,0,￥0,0,￥0,0,￥0,0,￥0,0,￥0,0,￥0,0,￥0,0
006,LA BRIQUE SAPPORO Akarenga Terrace,直営店,20250612,￥0,0,￥6490,1,￥0,0,￥0,0,￥0,0,￥0,0,￥0,0,￥0,0,￥0,0,￥0,0,￥161150,5,￥0,0,￥0,0,￥0,0
006,LA BRIQUE SAPPORO Akarenga Terrace,直営店,20250613,￥0,0,￥0,0,￥0,0,￥0,0,￥0,0,￥0,0,￥0,0,￥0,0,￥0,0,￥0,0,￥115720,3,￥0,0,￥0,0,￥0,0
006,LA BRIQUE SAPPORO Akarenga Terrace,直営店,20250614,￥0,0,￥16940,1,￥0,0,￥0,0,￥0,0,￥0,0,￥0,0,￥0,0,￥0,0,￥0,0,￥183850,4,￥40150,1,￥135410,4,￥0,0
006,LA BRIQUE SAPPORO Akarenga Terrace,直営店,20250615,￥0,0,￥107800,3,￥0,0,￥0,0,￥0,0,￥0,0,￥0,0,￥0,0,￥0,0,￥0,0,￥100210,2,￥0,0,￥19360,1,￥0,0
006,LA BRIQUE SAPPORO Akarenga Terrace,直営店,20250616,￥0,0,￥68860,3,￥0,0,￥0,0,￥0,0,￥0,0,￥0,0,￥0,0,￥0,0,￥0,0,￥12980,1,￥0,0,￥0,0,￥0,0
006,LA BRIQUE SAPPORO Akarenga Terrace,直営店,20250617,￥0,0,￥0,0,￥0,0,￥0,0,￥0,0,￥0,0,￥0,0,￥0,0,￥0,0,￥0,0,￥18480,2,￥0,0,￥0,0,￥0,0
006,LA BRIQUE SAPPORO Akarenga Terrace,直営店,20250618,￥0,0,￥0,0,￥0,0,￥0,0,￥0,0,￥0,0,￥0,0,￥0,0,￥0,0,￥0,0,￥73414,3,￥0,0,￥0,0,￥0,0
006,LA BRIQUE SAPPORO Akarenga Terrace,直営店,20250619,￥0,0,￥0,0,￥0,0,￥0,0,￥0,0,￥0,0,￥0,0,￥0,0,￥0,0,￥0,0,￥64020,2,￥46200,1,￥0,0,￥0,0
006,LA BRIQUE SAPPORO Akarenga Terrace,直営店,20250620,￥0,0,￥0,0,￥0,0,￥0,0,￥0,0,￥0,0,￥0,0,￥0,0,￥0,0,￥0,0,￥287870,7,￥17600,1,￥0,0,￥0,0
006,LA BRIQUE SAPPORO Akarenga Terrace,直営店,20250621,￥0,0,￥118140,2,￥0,0,￥0,0,￥0,0,￥0,0,￥0,0,￥0,0,￥0,0,￥0,0,￥211560,6,￥9790,1,￥0,0,￥0,0
006,LA BRIQUE SAPPORO Akarenga Terrace,直営店,20250622,￥0,0,￥29700,1,￥0,0,￥0,0,￥0,0,￥0,0,￥0,0,￥0,0,￥0,0,￥0,0,￥83160,5,￥0,0,￥66170,1,￥0,0
006,LA BRIQUE SAPPORO Akarenga Terrace,直営店,20250623,￥0,0,￥0,0,￥0,0,￥0,0,￥0,0,￥0,0,￥0,0,￥0,0,￥0,0,￥0,0,￥271040,1,￥0,0,￥0,0,￥0,0
006,LA BRIQUE SAPPORO Akarenga Terrace,直営店,20250624,￥0,0,￥0,0,￥0,0,￥0,0,￥0,0,￥0,0,￥0,0,￥0,0,￥0,0,￥0,0,￥52720,3,￥0,0,￥30170,3,￥0,0
006,LA BRIQUE SAPPORO Akarenga Terrace,直営店,20250625,￥0,0,￥13200,1,￥0,0,￥0,0,￥0,0,￥0,0,￥0,0,￥0,0,￥0,0,￥0,0,￥284690,5,￥0,0,￥15180,1,￥0,0
006,LA BRIQUE SAPPORO Akarenga Terrace,直営店,20250626,￥0,0,￥0,0,￥0,0,￥0,0,￥0,0,￥0,0,￥0,0,￥0,0,￥0,0,￥0,0,￥24970,3,￥0,0,￥35860,1,￥0,0
006,LA BRIQUE SAPPORO Akarenga Terrace,直営店,20250627,￥0,0,￥0,0,￥0,0,￥0,0,￥0,0,￥0,0,￥0,0,￥0,0,￥0,0,￥0,0,￥271870,5,￥0,0,￥0,0,￥0,0
006,LA BRIQUE SAPPORO Akarenga Terrace,直営店,20250628,￥0,0,￥17860,1,￥0,0,￥0,0,￥0,0,￥0,0,￥0,0,￥0,0,￥0,0,￥0,0,￥228580,5,￥0,0,￥144760,2,￥0,0
006,LA BRIQUE SAPPORO Akarenga Terrace,直営店,20250629,￥0,0,￥0,0,￥0,0,￥0,0,￥0,0,￥0,0,￥0,0,￥0,0,￥0,0,￥0,0,￥58826,5,￥0,0,￥13860,1,￥0,0
006,LA BRIQUE SAPPORO Akarenga Terrace,直営店,20250630,￥0,0,￥0,0,￥0,0,￥0,0,￥0,0,￥0,0,￥0,0,￥0,0,￥0,0,￥0,0,￥82720,3,￥0,0,￥0,0,￥0,0
006,LA BRIQUE SAPPORO Akarenga Terrace,直営店,20250701,￥0,0,￥0,0,￥0,0,￥0,0,￥0,0,￥0,0,￥0,0,￥0,0,￥0,0,￥0,0,￥23320,2,￥0,0,￥0,0,￥0,0
006,LA BRIQUE SAPPORO Akarenga Terrace,直営店,20250702,￥0,0,￥19360,1,￥0,0,￥0,0,￥0,0,￥0,0,￥0,0,￥0,0,￥0,0,￥0,0,￥104830,4,￥0,0,￥0,0,￥0,0
006,LA BRIQUE SAPPORO Akarenga Terrace,直営店,20250703,￥0,0,￥13200,1,￥0,0,￥0,0,￥0,0,￥0,0,￥0,0,￥0,0,￥0,0,￥0,0,￥11550,1,￥0,0,￥27500,1,￥0,0
006,LA BRIQUE SAPPORO Akarenga Terrace,直営店,20250704,￥0,0,￥45870,1,￥0,0,￥0,0,￥0,0,￥0,0,￥0,0,￥0,0,￥0,0,￥0,0,￥114250,8,￥0,0,￥13420,1,￥0,0
006,LA BRIQUE SAPPORO Akarenga Terrace,直営店,20250705,￥0,0,￥34980,1,￥0,0,￥0,0,￥0,0,￥0,0,￥0,0,￥0,0,￥0,0,￥0,0,￥103950,3,￥0,0,￥102740,2,￥0,0
006,LA BRIQUE SAPPORO Akarenga Terrace,直営店,20250706,￥0,0,￥0,0,￥0,0,￥0,0,￥0,0,￥0,0,￥0,0,￥0,0,￥0,0,￥0,0,￥114730,4,￥0,0,￥0,0,￥0,0
006,LA BRIQUE SAPPORO Akarenga Terrace,直営店,20250707,￥0,0,￥60984,3,￥0,0,￥0,0,￥0,0,￥0,0,￥0,0,￥0,0,￥0,0,￥0,0,￥107030,4,￥0,0,￥103620,2,￥0,0
006,LA BRIQUE SAPPORO Akarenga Terrace,直営店,20250708,￥0,0,￥6380,1,￥0,0,￥0,0,￥0,0,￥0,0,￥0,0,￥0,0,￥0,0,￥0,0,￥258390,2,￥0,0,￥69520,1,￥0,0
006,LA BRIQUE SAPPORO Akarenga Terrace,直営店,20250709,￥0,0,￥61050,2,￥0,0,￥0,0,￥0,0,￥0,0,￥0,0,￥0,0,￥0,0,￥0,0,￥62590,4,￥0,0,￥107580,2,￥0,0
006,LA BRIQUE SAPPORO Akarenga Terrace,直営店,20250710,￥0,0,￥46200,1,￥0,0,￥0,0,￥0,0,￥0,0,￥0,0,￥0,0,￥0,0,￥0,0,￥31020,2,￥17160,1,￥17160,1,￥0,0
006,LA BRIQUE SAPPORO Akarenga Terrace,直営店,20250711,￥0,0,￥0,0,￥0,0,￥0,0,￥0,0,￥0,0,￥0,0,￥0,0,￥0,0,￥0,0,￥196840,5,￥0,0,￥0,0,￥0,0
006,LA BRIQUE SAPPORO Akarenga Terrace,直営店,20250712,￥0,0,￥45210,3,￥0,0,￥0,0,￥0,0,￥0,0,￥0,0,￥0,0,￥0,0,￥0,0,￥45540,3,￥0,0,￥0,0,￥0,0
006,LA BRIQUE SAPPORO Akarenga Terrace,直営店,20250713,￥0,0,￥0,0,￥0,0,￥0,0,￥0,0,￥0,0,￥0,0,￥0,0,￥0,0,￥0,0,￥81950,4,￥0,0,￥0,0,￥0,0
006,LA BRIQUE SAPPORO Akarenga Terrace,直営店,20250714,￥0,0,￥46530,2,￥0,0,￥0,0,￥0,0,￥0,0,￥0,0,￥0,0,￥0,0,￥0,0,￥43450,3,￥24750,1,￥0,0,￥0,0
006,LA BRIQUE SAPPORO Akarenga Terrace,直営店,20250715,￥0,0,￥5390,1,￥0,0,￥0,0,￥0,0,￥0,0,￥0,0,￥0,0,￥0,0,￥0,0,￥345020,6,￥0,0,￥11880,1,￥0,0
006,LA BRIQUE SAPPORO Akarenga Terrace,直営店,20250716,￥0,0,￥12480,2,￥0,0,￥0,0,￥0,0,￥0,0,￥0,0,￥0,0,￥0,0,￥0,0,￥126720,6,￥0,0,￥7480,1,￥0,0
006,LA BRIQUE SAPPORO Akarenga Terrace,直営店,20250717,￥0,0,￥0,0,￥0,0,￥0,0,￥0,0,￥0,0,￥0,0,￥0,0,￥0,0,￥0,0,￥154770,5,￥0,0,￥37290,1,￥0,0
006,LA BRIQUE SAPPORO Akarenga Terrace,直営店,20250718,￥0,0,￥21120,1,￥0,0,￥0,0,￥0,0,￥0,0,￥0,0,￥0,0,￥0,0,￥0,0,￥19360,1,￥0,0,￥46310,2,￥0,0
006,LA BRIQUE SAPPORO Akarenga Terrace,直営店,20250719,￥0,0,￥6380,1,￥0,0,￥0,0,￥0,0,￥0,0,￥0,0,￥0,0,￥0,0,￥0,0,￥171490,9,￥0,0,￥37620,1,￥0,0
006,LA BRIQUE SAPPORO Akarenga Terrace,直営店,20250720,￥0,0,￥78210,2,￥0,0,￥0,0,￥0,0,￥0,0,￥0,0,￥0,0,￥0,0,￥0,0,￥247060,8,￥0,0,￥0,0,￥0,0
006,LA BRIQUE SAPPORO Akarenga Terrace,直営店,20250721,￥0,0,￥0,0,￥0,0,￥0,0,￥0,0,￥0,0,￥0,0,￥0,0,￥0,0,￥0,0,￥39490,3,￥0,0,￥0,0,￥0,0
006,LA BRIQUE SAPPORO Akarenga Terrace,直営店,20250722,￥0,0,￥0,0,￥0,0,￥0,0,￥0,0,￥0,0,￥0,0,￥0,0,￥0,0,￥0,0,￥25190,3,￥0,0,￥41030,1,￥0,0
006,LA BRIQUE SAPPORO Akarenga Terrace,直営店,20250723,￥0,0,￥0,0,￥0,0,￥0,0,￥0,0,￥0,0,￥0,0,￥0,0,￥0,0,￥0,0,￥96910,5,￥0,0,￥0,0,￥0,0
006,LA BRIQUE SAPPORO Akarenga Terrace,直営店,20250724,￥0,0,￥50050,1,￥0,0,￥0,0,￥0,0,￥0,0,￥0,0,￥0,0,￥0,0,￥0,0,￥120230,3,￥74250,1,￥36960,1,￥0,0
006,LA BRIQUE SAPPORO Akarenga Terrace,直営店,20250725,￥0,0,￥0,0,￥0,0,￥0,0,￥0,0,￥0,0,￥0,0,￥0,0,￥0,0,￥0,0,￥110220,2,￥0,0,￥14300,1,￥0,0
006,LA BRIQUE SAPPORO Akarenga Terrace,直営店,20250726,￥0,0,￥67320,1,￥0,0,￥0,0,￥0,0,￥0,0,￥0,0,￥0,0,￥0,0,￥0,0,￥107580,5,￥0,0,￥23870,1,￥0,0
006,LA BRIQUE SAPPORO Akarenga Terrace,直営店,20250727,￥0,0,￥0,0,￥0,0,￥0,0,￥0,0,￥0,0,￥0,0,￥0,0,￥0,0,￥0,0,￥413240,4,￥0,0,￥0,0,￥0,0
006,LA BRIQUE SAPPORO Akarenga Terrace,直営店,20250728,￥0,0,￥0,0,￥0,0,￥0,0,￥0,0,￥0,0,￥0,0,￥0,0,￥0,0,￥0,0,￥68860,3,￥0,0,￥62700,1,￥0,0
006,LA BRIQUE SAPPORO Akarenga Terrace,直営店,20250729,￥0,0,￥0,0,￥0,0,￥0,0,￥0,0,￥0,0,￥0,0,￥0,0,￥0,0,￥0,0,￥149380,5,￥0,0,￥20240,1,￥0,0
006,LA BRIQUE SAPPORO Akarenga Terrace,直営店,20250730,￥0,0,￥0,0,￥0,0,￥0,0,￥0,0,￥0,0,￥0,0,￥0,0,￥0,0,￥0,0,￥47850,5,￥0,0,￥0,0,￥0,0
006,LA BRIQUE SAPPORO Akarenga Terrace,直営店,20250731,￥0,0,￥42812,2,￥0,0,￥0,0,￥0,0,￥0,0,￥0,0,￥0,0,￥0,0,￥0,0,￥100870,3,￥0,0,￥0,0,￥0,0
007,ルスツ羊蹄ぶた by BRIQUE,直営店,20250501,￥0,0,￥0,0,￥0,0,￥0,0,￥0,0,￥0,0,￥0,0,￥0,0,￥0,0,￥0,0,￥0,0,￥0,0,￥0,0,￥0,0
007,ルスツ羊蹄ぶた by BRIQUE,直営店,20250502,￥0,0,￥0,0,￥0,0,￥0,0,￥0,0,￥0,0,￥0,0,￥0,0,￥0,0,￥0,0,￥0,0,￥0,0,￥0,0,￥0,0
007,ルスツ羊蹄ぶた by BRIQUE,直営店,20250503,￥0,0,￥0,0,￥0,0,￥0,0,￥0,0,￥0,0,￥0,0,￥0,0,￥0,0,￥0,0,￥0,0,￥0,0,￥0,0,￥0,0
007,ルスツ羊蹄ぶた by BRIQUE,直営店,20250504,￥0,0,￥0,0,￥0,0,￥0,0,￥0,0,￥0,0,￥0,0,￥0,0,￥0,0,￥0,0,￥0,0,￥0,0,￥0,0,￥0,0
007,ルスツ羊蹄ぶた by BRIQUE,直営店,20250505,￥0,0,￥0,0,￥0,0,￥0,0,￥0,0,￥0,0,￥0,0,￥0,0,￥0,0,￥0,0,￥0,0,￥0,0,￥0,0,￥0,0
007,ルスツ羊蹄ぶた by BRIQUE,直営店,20250506,￥0,0,￥0,0,￥0,0,￥0,0,￥0,0,￥0,0,￥0,0,￥0,0,￥0,0,￥0,0,￥0,0,￥0,0,￥0,0,￥0,0
007,ルスツ羊蹄ぶた by BRIQUE,直営店,20250507,￥0,0,￥0,0,￥0,0,￥0,0,￥0,0,￥0,0,￥0,0,￥0,0,￥0,0,￥0,0,￥0,0,￥0,0,￥0,0,￥0,0
007,ルスツ羊蹄ぶた by BRIQUE,直営店,20250508,￥0,0,￥0,0,￥0,0,￥0,0,￥0,0,￥0,0,￥0,0,￥0,0,￥0,0,￥0,0,￥0,0,￥0,0,￥0,0,￥0,0
007,ルスツ羊蹄ぶた by BRIQUE,直営店,20250509,￥0,0,￥0,0,￥0,0,￥0,0,￥0,0,￥0,0,￥0,0,￥0,0,￥0,0,￥0,0,￥0,0,￥0,0,￥0,0,￥0,0
007,ルスツ羊蹄ぶた by BRIQUE,直営店,20250510,￥0,0,￥0,0,￥0,0,￥0,0,￥0,0,￥0,0,￥0,0,￥0,0,￥0,0,￥0,0,￥0,0,￥0,0,￥0,0,￥0,0
007,ルスツ羊蹄ぶた by BRIQUE,直営店,20250511,￥0,0,￥0,0,￥0,0,￥0,0,￥0,0,￥0,0,￥0,0,￥0,0,￥0,0,￥0,0,￥0,0,￥0,0,￥0,0,￥0,0
007,ルスツ羊蹄ぶた by BRIQUE,直営店,20250512,￥0,0,￥0,0,￥0,0,￥0,0,￥0,0,￥0,0,￥0,0,￥0,0,￥0,0,￥0,0,￥0,0,￥0,0,￥0,0,￥0,0
007,ルスツ羊蹄ぶた by BRIQUE,直営店,20250513,￥0,0,￥0,0,￥0,0,￥0,0,￥0,0,￥0,0,￥0,0,￥0,0,￥0,0,￥0,0,￥0,0,￥0,0,￥0,0,￥0,0
007,ルスツ羊蹄ぶた by BRIQUE,直営店,20250514,￥0,0,￥0,0,￥0,0,￥0,0,￥0,0,￥0,0,￥0,0,￥0,0,￥0,0,￥0,0,￥0,0,￥0,0,￥0,0,￥0,0
007,ルスツ羊蹄ぶた by BRIQUE,直営店,20250515,￥0,0,￥0,0,￥0,0,￥0,0,￥0,0,￥0,0,￥0,0,￥0,0,￥0,0,￥0,0,￥0,0,￥0,0,￥0,0,￥0,0
007,ルスツ羊蹄ぶた by BRIQUE,直営店,20250516,￥0,0,￥0,0,￥0,0,￥0,0,￥0,0,￥0,0,￥0,0,￥0,0,￥0,0,￥0,0,￥0,0,￥0,0,￥0,0,￥0,0
007,ルスツ羊蹄ぶた by BRIQUE,直営店,20250517,￥0,0,￥0,0,￥0,0,￥0,0,￥0,0,￥0,0,￥0,0,￥0,0,￥0,0,￥0,0,￥0,0,￥0,0,￥0,0,￥0,0
007,ルスツ羊蹄ぶた by BRIQUE,直営店,20250518,￥0,0,￥0,0,￥0,0,￥0,0,￥0,0,￥0,0,￥0,0,￥0,0,￥0,0,￥0,0,￥0,0,￥0,0,￥0,0,￥0,0
007,ルスツ羊蹄ぶた by BRIQUE,直営店,20250519,￥0,0,￥0,0,￥0,0,￥0,0,￥0,0,￥0,0,￥0,0,￥0,0,￥0,0,￥0,0,￥0,0,￥0,0,￥0,0,￥0,0
007,ルスツ羊蹄ぶた by BRIQUE,直営店,20250520,￥0,0,￥0,0,￥0,0,￥0,0,￥0,0,￥0,0,￥0,0,￥0,0,￥0,0,￥0,0,￥0,0,￥0,0,￥0,0,￥0,0
007,ルスツ羊蹄ぶた by BRIQUE,直営店,20250521,￥0,0,￥0,0,￥0,0,￥0,0,￥0,0,￥0,0,￥0,0,￥0,0,￥0,0,￥0,0,￥0,0,￥0,0,￥0,0,￥0,0
007,ルスツ羊蹄ぶた by BRIQUE,直営店,20250522,￥0,0,￥0,0,￥0,0,￥0,0,￥0,0,￥0,0,￥0,0,￥0,0,￥0,0,￥0,0,￥0,0,￥0,0,￥0,0,￥0,0
007,ルスツ羊蹄ぶた by BRIQUE,直営店,20250523,￥0,0,￥0,0,￥0,0,￥0,0,￥0,0,￥0,0,￥0,0,￥0,0,￥0,0,￥0,0,￥0,0,￥0,0,￥0,0,￥0,0
007,ルスツ羊蹄ぶた by BRIQUE,直営店,20250524,￥0,0,￥0,0,￥0,0,￥0,0,￥0,0,￥0,0,￥0,0,￥0,0,￥0,0,￥0,0,￥0,0,￥0,0,￥0,0,￥0,0
007,ルスツ羊蹄ぶた by BRIQUE,直営店,20250525,￥0,0,￥0,0,￥0,0,￥0,0,￥0,0,￥0,0,￥0,0,￥0,0,￥0,0,￥0,0,￥0,0,￥0,0,￥0,0,￥0,0
007,ルスツ羊蹄ぶた by BRIQUE,直営店,20250526,￥0,0,￥0,0,￥0,0,￥0,0,￥0,0,￥0,0,￥0,0,￥0,0,￥0,0,￥0,0,￥0,0,￥0,0,￥0,0,￥0,0
007,ルスツ羊蹄ぶた by BRIQUE,直営店,20250527,￥0,0,￥0,0,￥0,0,￥0,0,￥0,0,￥0,0,￥0,0,￥0,0,￥0,0,￥0,0,￥0,0,￥0,0,￥0,0,￥0,0
007,ルスツ羊蹄ぶた by BRIQUE,直営店,20250528,￥0,0,￥0,0,￥0,0,￥0,0,￥0,0,￥0,0,￥0,0,￥0,0,￥0,0,￥0,0,￥0,0,￥0,0,￥0,0,￥0,0
007,ルスツ羊蹄ぶた by BRIQUE,直営店,20250529,￥0,0,￥0,0,￥0,0,￥0,0,￥0,0,￥0,0,￥0,0,￥0,0,￥0,0,￥0,0,￥0,0,￥0,0,￥0,0,￥0,0
007,ルスツ羊蹄ぶた by BRIQUE,直営店,20250530,￥0,0,￥0,0,￥0,0,￥0,0,￥0,0,￥0,0,￥0,0,￥0,0,￥0,0,￥0,0,￥0,0,￥0,0,￥0,0,￥0,0
007,ルスツ羊蹄ぶた by BRIQUE,直営店,20250531,￥0,0,￥0,0,￥0,0,￥0,0,￥0,0,￥0,0,￥0,0,￥0,0,￥0,0,￥0,0,￥0,0,￥0,0,￥0,0,￥0,0
007,ルスツ羊蹄ぶた by BRIQUE,直営店,20250601,￥0,0,￥0,0,￥0,0,￥0,0,￥0,0,￥0,0,￥0,0,￥0,0,￥0,0,￥0,0,￥0,0,￥0,0,￥0,0,￥0,0
007,ルスツ羊蹄ぶた by BRIQUE,直営店,20250602,￥0,0,￥0,0,￥0,0,￥0,0,￥0,0,￥0,0,￥0,0,￥0,0,￥0,0,￥0,0,￥0,0,￥0,0,￥0,0,￥0,0
007,ルスツ羊蹄ぶた by BRIQUE,直営店,20250603,￥0,0,￥0,0,￥0,0,￥0,0,￥0,0,￥6480,5,￥0,0,￥0,0,￥0,0,￥0,0,￥0,0,￥0,0,￥0,0,￥0,0
007,ルスツ羊蹄ぶた by BRIQUE,直営店,20250604,￥0,0,￥0,0,￥0,0,￥0,0,￥0,0,￥22230,12,￥0,0,￥0,0,￥0,0,￥0,0,￥0,0,￥0,0,￥0,0,￥0,0
007,ルスツ羊蹄ぶた by BRIQUE,直営店,20250605,￥0,0,￥0,0,￥0,0,￥0,0,￥0,0,￥32250,14,￥0,0,￥0,0,￥0,0,￥0,0,￥0,0,￥0,0,￥0,0,￥0,0
007,ルスツ羊蹄ぶた by BRIQUE,直営店,20250606,￥0,0,￥0,0,￥0,0,￥0,0,￥0,0,￥44950,27,￥0,0,￥0,0,￥0,0,￥0,0,￥0,0,￥0,0,￥0,0,￥0,0
007,ルスツ羊蹄ぶた by BRIQUE,直営店,20250607,￥0,0,￥0,0,￥0,0,￥0,0,￥0,0,￥40850,25,￥0,0,￥0,0,￥0,0,￥0,0,￥0,0,￥0,0,￥0,0,￥0,0
007,ルスツ羊蹄ぶた by BRIQUE,直営店,20250608,￥0,0,￥0,0,￥0,0,￥0,0,￥0,0,￥32350,20,￥0,0,￥0,0,￥0,0,￥0,0,￥0,0,￥0,0,￥0,0,￥0,0
007,ルスツ羊蹄ぶた by BRIQUE,直営店,20250609,￥0,0,￥0,0,￥0,0,￥0,0,￥0,0,￥20400,13,￥0,0,￥0,0,￥0,0,￥0,0,￥0,0,￥0,0,￥0,0,￥0,0
007,ルスツ羊蹄ぶた by BRIQUE,直営店,20250610,￥0,0,￥0,0,￥0,0,￥0,0,￥0,0,￥12900,9,￥0,0,￥0,0,￥0,0,￥0,0,￥0,0,￥0,0,￥0,0,￥0,0
007,ルスツ羊蹄ぶた by BRIQUE,直営店,20250611,￥0,0,￥0,0,￥0,0,￥0,0,￥0,0,￥13150,10,￥0,0,￥0,0,￥0,0,￥0,0,￥0,0,￥0,0,￥0,0,￥0,0
007,ルスツ羊蹄ぶた by BRIQUE,直営店,20250612,￥0,0,￥0,0,￥0,0,￥0,0,￥0,0,￥12214,7,￥0,0,￥0,0,￥0,0,￥0,0,￥0,0,￥0,0,￥0,0,￥0,0
007,ルスツ羊蹄ぶた by BRIQUE,直営店,20250613,￥0,0,￥0,0,￥0,0,￥0,0,￥0,0,￥50680,23,￥0,0,￥0,0,￥0,0,￥0,0,￥0,0,￥0,0,￥0,0,￥0,0
007,ルスツ羊蹄ぶた by BRIQUE,直営店,20250614,￥0,0,￥0,0,￥0,0,￥0,0,￥0,0,￥41490,22,￥0,0,￥0,0,￥0,0,￥0,0,￥0,0,￥0,0,￥0,0,￥0,0
007,ルスツ羊蹄ぶた by BRIQUE,直営店,20250615,￥0,0,￥0,0,￥0,0,￥0,0,￥0,0,￥33510,20,￥0,0,￥0,0,￥0,0,￥0,0,￥0,0,￥0,0,￥0,0,￥0,0
007,ルスツ羊蹄ぶた by BRIQUE,直営店,20250616,￥0,0,￥0,0,￥0,0,￥0,0,￥0,0,￥19700,12,￥0,0,￥0,0,￥0,0,￥0,0,￥0,0,￥0,0,￥0,0,￥0,0
007,ルスツ羊蹄ぶた by BRIQUE,直営店,20250617,￥0,0,￥0,0,￥0,0,￥0,0,￥0,0,￥20020,9,￥0,0,￥0,0,￥0,0,￥0,0,￥0,0,￥0,0,￥0,0,￥0,0
007,ルスツ羊蹄ぶた by BRIQUE,直営店,20250618,￥0,0,￥0,0,￥0,0,￥0,0,￥0,0,￥17300,11,￥0,0,￥0,0,￥0,0,￥0,0,￥0,0,￥0,0,￥0,0,￥0,0
007,ルスツ羊蹄ぶた by BRIQUE,直営店,20250619,￥0,0,￥0,0,￥0,0,￥1500,1,￥0,0,￥17450,13,￥0,0,￥0,0,￥0,0,￥0,0,￥0,0,￥0,0,￥0,0,￥0,0
007,ルスツ羊蹄ぶた by BRIQUE,直営店,20250620,￥0,0,￥0,0,￥0,0,￥0,0,￥0,0,￥26110,15,￥0,0,￥0,0,￥0,0,￥0,0,￥0,0,￥0,0,￥0,0,￥1000,1
007,ルスツ羊蹄ぶた by BRIQUE,直営店,20250621,￥0,0,￥0,0,￥0,0,￥0,0,￥0,0,￥37750,22,￥0,0,￥0,0,￥0,0,￥0,0,￥0,0,￥0,0,￥0,0,￥0,0
007,ルスツ羊蹄ぶた by BRIQUE,直営店,20250622,￥0,0,￥0,0,￥0,0,￥0,0,￥0,0,￥29900,19,￥0,0,￥0,0,￥0,0,￥0,0,￥0,0,￥0,0,￥0,0,￥0,0
007,ルスツ羊蹄ぶた by BRIQUE,直営店,20250623,￥0,0,￥0,0,￥0,0,￥0,0,￥0,0,￥15000,9,￥0,0,￥0,0,￥0,0,￥0,0,￥0,0,￥0,0,￥0,0,￥0,0
007,ルスツ羊蹄ぶた by BRIQUE,直営店,20250624,￥0,0,￥0,0,￥0,0,￥0,0,￥0,0,￥16500,8,￥0,0,￥0,0,￥0,0,￥0,0,￥0,0,￥0,0,￥0,0,￥0,0
007,ルスツ羊蹄ぶた by BRIQUE,直営店,20250625,￥0,0,￥0,0,￥0,0,￥0,0,￥0,0,￥14600,10,￥0,0,￥0,0,￥0,0,￥0,0,￥0,0,￥0,0,￥0,0,￥0,0
007,ルスツ羊蹄ぶた by BRIQUE,直営店,20250626,￥0,0,￥0,0,￥0,0,￥0,0,￥0,0,￥23050,10,￥0,0,￥0,0,￥0,0,￥0,0,￥0,0,￥0,0,￥0,0,￥0,0
007,ルスツ羊蹄ぶた by BRIQUE,直営店,20250627,￥0,0,￥0,0,￥0,0,￥0,0,￥0,0,￥30580,16,￥0,0,￥0,0,￥0,0,￥0,0,￥0,0,￥0,0,￥0,0,￥0,0
007,ルスツ羊蹄ぶた by BRIQUE,直営店,20250628,￥0,0,￥0,0,￥0,0,￥0,0,￥0,0,￥26780,15,￥0,0,￥0,0,￥0,0,￥0,0,￥0,0,￥0,0,￥0,0,￥0,0
007,ルスツ羊蹄ぶた by BRIQUE,直営店,20250629,￥0,0,￥0,0,￥0,0,￥0,0,￥0,0,￥37410,15,￥0,0,￥0,0,￥0,0,￥0,0,￥0,0,￥0,0,￥0,0,￥0,0
007,ルスツ羊蹄ぶた by BRIQUE,直営店,20250630,￥0,0,￥0,0,￥0,0,￥0,0,￥0,0,￥22800,8,￥0,0,￥0,0,￥0,0,￥0,0,￥0,0,￥0,0,￥0,0,￥0,0
007,ルスツ羊蹄ぶた by BRIQUE,直営店,20250701,￥0,0,￥0,0,￥0,0,￥0,0,￥0,0,￥23060,13,￥0,0,￥0,0,￥0,0,￥0,0,￥0,0,￥0,0,￥0,0,￥0,0
007,ルスツ羊蹄ぶた by BRIQUE,直営店,20250702,￥0,0,￥0,0,￥0,0,￥0,0,￥0,0,￥15500,8,￥0,0,￥0,0,￥0,0,￥0,0,￥0,0,￥0,0,￥0,0,￥0,0
007,ルスツ羊蹄ぶた by BRIQUE,直営店,20250703,￥0,0,￥0,0,￥0,0,￥0,0,￥0,0,￥12430,8,￥0,0,￥0,0,￥0,0,￥0,0,￥0,0,￥0,0,￥0,0,￥0,0
007,ルスツ羊蹄ぶた by BRIQUE,直営店,20250704,￥0,0,￥0,0,￥0,0,￥0,0,￥0,0,￥17560,15,￥0,0,￥0,0,￥0,0,￥0,0,￥0,0,￥0,0,￥0,0,￥0,0
007,ルスツ羊蹄ぶた by BRIQUE,直営店,20250705,￥0,0,￥0,0,￥0,0,￥0,0,￥0,0,￥21730,15,￥0,0,￥0,0,￥0,0,￥0,0,￥0,0,￥0,0,￥0,0,￥0,0
007,ルスツ羊蹄ぶた by BRIQUE,直営店,20250706,￥0,0,￥0,0,￥0,0,￥0,0,￥0,0,￥23950,16,￥0,0,￥0,0,￥0,0,￥0,0,￥0,0,￥0,0,￥0,0,￥0,0
007,ルスツ羊蹄ぶた by BRIQUE,直営店,20250707,￥0,0,￥0,0,￥0,0,￥0,0,￥0,0,￥24780,15,￥0,0,￥0,0,￥0,0,￥0,0,￥0,0,￥0,0,￥0,0,￥0,0
007,ルスツ羊蹄ぶた by BRIQUE,直営店,20250708,￥0,0,￥0,0,￥0,0,￥0,0,￥0,0,￥23450,13,￥0,0,￥0,0,￥0,0,￥0,0,￥0,0,￥0,0,￥0,0,￥0,0
007,ルスツ羊蹄ぶた by BRIQUE,直営店,20250709,￥0,0,￥0,0,￥0,0,￥0,0,￥0,0,￥17250,13,￥0,0,￥0,0,￥0,0,￥0,0,￥0,0,￥0,0,￥0,0,￥0,0
007,ルスツ羊蹄ぶた by BRIQUE,直営店,20250710,￥0,0,￥0,0,￥0,0,￥0,0,￥0,0,￥20030,15,￥0,0,￥0,0,￥0,0,￥0,0,￥0,0,￥0,0,￥0,0,￥0,0
007,ルスツ羊蹄ぶた by BRIQUE,直営店,20250711,￥0,0,￥0,0,￥0,0,￥0,0,￥0,0,￥28550,20,￥0,0,￥0,0,￥0,0,￥0,0,￥0,0,￥0,0,￥0,0,￥0,0
007,ルスツ羊蹄ぶた by BRIQUE,直営店,20250712,￥0,0,￥0,0,￥0,0,￥0,0,￥0,0,￥40760,25,￥0,0,￥0,0,￥0,0,￥0,0,￥0,0,￥0,0,￥0,0,￥0,0
007,ルスツ羊蹄ぶた by BRIQUE,直営店,20250713,￥0,0,￥0,0,￥0,0,￥0,0,￥0,0,￥29750,18,￥0,0,￥0,0,￥0,0,￥0,0,￥0,0,￥0,0,￥0,0,￥5000,4
007,ルスツ羊蹄ぶた by BRIQUE,直営店,20250714,￥0,0,￥0,0,￥0,0,￥0,0,￥0,0,￥14480,9,￥0,0,￥0,0,￥0,0,￥0,0,￥0,0,￥0,0,￥0,0,￥0,0
007,ルスツ羊蹄ぶた by BRIQUE,直営店,20250715,￥0,0,￥0,0,￥0,0,￥0,0,￥0,0,￥21630,13,￥0,0,￥0,0,￥0,0,￥0,0,￥0,0,￥0,0,￥0,0,￥0,0
007,ルスツ羊蹄ぶた by BRIQUE,直営店,20250716,￥0,0,￥0,0,￥0,0,￥0,0,￥0,0,￥24450,15,￥0,0,￥0,0,￥0,0,￥0,0,￥0,0,￥0,0,￥0,0,￥0,0
007,ルスツ羊蹄ぶた by BRIQUE,直営店,20250717,￥0,0,￥0,0,￥0,0,￥0,0,￥0,0,￥16800,12,￥0,0,￥0,0,￥0,0,￥0,0,￥0,0,￥0,0,￥0,0,￥0,0
007,ルスツ羊蹄ぶた by BRIQUE,直営店,20250718,￥0,0,￥0,0,￥0,0,￥0,0,￥0,0,￥19480,12,￥0,0,￥0,0,￥0,0,￥0,0,￥0,0,￥0,0,￥0,0,￥0,0
007,ルスツ羊蹄ぶた by BRIQUE,直営店,20250719,￥0,0,￥0,0,￥0,0,￥0,0,￥0,0,￥24880,14,￥0,0,￥0,0,￥0,0,￥0,0,￥0,0,￥0,0,￥0,0,￥0,0
007,ルスツ羊蹄ぶた by BRIQUE,直営店,20250720,￥0,0,￥0,0,￥0,0,￥0,0,￥0,0,￥22500,14,￥0,0,￥0,0,￥0,0,￥0,0,￥0,0,￥0,0,￥0,0,￥0,0
007,ルスツ羊蹄ぶた by BRIQUE,直営店,20250721,￥0,0,￥0,0,￥0,0,￥0,0,￥0,0,￥40550,23,￥0,0,￥0,0,￥0,0,￥0,0,￥0,0,￥0,0,￥0,0,￥0,0
007,ルスツ羊蹄ぶた by BRIQUE,直営店,20250722,￥0,0,￥0,0,￥0,0,￥0,0,￥0,0,￥20130,15,￥0,0,￥0,0,￥0,0,￥0,0,￥0,0,￥0,0,￥0,0,￥0,0
007,ルスツ羊蹄ぶた by BRIQUE,直営店,20250723,￥0,0,￥0,0,￥0,0,￥0,0,￥0,0,￥15600,9,￥0,0,￥0,0,￥0,0,￥0,0,￥0,0,￥0,0,￥0,0,￥0,0
007,ルスツ羊蹄ぶた by BRIQUE,直営店,20250724,￥0,0,￥0,0,￥0,0,￥0,0,￥0,0,￥14130,10,￥0,0,￥0,0,￥0,0,￥0,0,￥0,0,￥0,0,￥0,0,￥0,0
007,ルスツ羊蹄ぶた by BRIQUE,直営店,20250725,￥0,0,￥0,0,￥0,0,￥0,0,￥0,0,￥35330,31,￥0,0,￥0,0,￥0,0,￥0,0,￥0,0,￥0,0,￥0,0,￥0,0
007,ルスツ羊蹄ぶた by BRIQUE,直営店,20250726,￥0,0,￥0,0,￥0,0,￥0,0,￥0,0,￥21450,12,￥0,0,￥0,0,￥0,0,￥0,0,￥0,0,￥0,0,￥0,0,￥2000,2
007,ルスツ羊蹄ぶた by BRIQUE,直営店,20250727,￥0,0,￥0,0,￥0,0,￥0,0,￥0,0,￥39720,21,￥0,0,￥0,0,￥0,0,￥0,0,￥0,0,￥0,0,￥0,0,￥5000,2
007,ルスツ羊蹄ぶた by BRIQUE,直営店,20250728,￥0,0,￥0,0,￥0,0,￥0,0,￥0,0,￥22980,13,￥0,0,￥0,0,￥0,0,￥0,0,￥0,0,￥0,0,￥0,0,￥0,0
007,ルスツ羊蹄ぶた by BRIQUE,直営店,20250729,￥0,0,￥0,0,￥0,0,￥0,0,￥0,0,￥10084,9,￥0,0,￥0,0,￥0,0,￥0,0,￥0,0,￥0,0,￥0,0,￥0,0
007,ルスツ羊蹄ぶた by BRIQUE,直営店,20250730,￥0,0,￥0,0,￥0,0,￥0,0,￥0,0,￥32650,17,￥0,0,￥0,0,￥0,0,￥0,0,￥0,0,￥0,0,￥0,0,￥0,0
007,ルスツ羊蹄ぶた by BRIQUE,直営店,20250731,￥0,0,￥0,0,￥0,0,￥0,0,￥0,0,￥31360,22,￥0,0,￥0,0,￥0,0,￥0,0,￥0,0,￥0,0,￥0,0,￥0,0
