"店舗コード","店舗名","直営店/フランチャイズ","営業日","d払い(売上金額)","d払い(件数)","PayPay(売上金額)","PayPay(件数)","交通系電子マネー(売上金額)","交通系電子マネー(件数)","iD(売上金額)","iD(件数)","nanaco(売上金額)","nanaco(件数)","QUICPay(売上金額)","QUICPay(件数)","au PAY(売上金額)","au PAY(件数)","楽天Edy(売上金額)","楽天Edy(件数)","WAON(売上金額)","WAON(件数)","メルペイ(売上金額)","メルペイ(件数)","J-Coin Pay(売上金額)","J-Coin Pay(件数)","Alipay+(売上金額)","Alipay+(件数)","WeChat Pay(売上金額)","WeChat Pay(件数)","電子マネー１(売上金額)","電子マネー１(件数)","電子マネー(売上金額)","電子マネー(件数)","交通系IC(売上金額)","交通系IC(件数)","Alipay(売上金額)","Alipay(件数)",
001,ヌーベルプース大倉山 - REPOS,直営店,20250501,￥2000,2,￥3000,4,￥1150,2,￥2250,2,￥0,0,￥0,0,￥0,0,￥0,0,￥0,0,￥0,0,￥0,0,￥0,0,￥0,0,￥0,0,￥0,0,￥0,0,￥0,0
001,ヌーベルプース大倉山 - REPOS,直営店,20250502,￥0,0,￥3400,4,￥2600,3,￥600,1,￥700,1,￥600,1,￥0,0,￥0,0,￥0,0,￥0,0,￥0,0,￥0,0,￥0,0,￥0,0,￥0,0,￥0,0,￥0,0
001,ヌーベルプース大倉山 - REPOS,直営店,20250503,￥1100,1,￥73290,7,￥900,1,￥1350,1,￥0,0,￥1700,2,￥0,0,￥0,0,￥0,0,￥0,0,￥0,0,￥0,0,￥0,0,￥0,0,￥0,0,￥0,0,￥0,0
001,ヌーベルプース大倉山 - REPOS,直営店,20250504,￥5600,4,￥800,2,￥16590,2,￥2050,2,￥0,0,￥1650,1,￥1500,2,￥350,1,￥38021,2,￥0,0,￥0,0,￥0,0,￥0,0,￥0,0,￥0,0,￥0,0,￥0,0
001,ヌーベルプース大倉山 - REPOS,直営店,20250505,￥19520,3,￥10100,8,￥4850,3,￥1950,1,￥0,0,￥1150,2,￥500,1,￥0,0,￥0,0,￥900,1,￥0,0,￥0,0,￥0,0,￥0,0,￥0,0,￥0,0,￥0,0
001,ヌーベルプース大倉山 - REPOS,直営店,20250506,￥4750,7,￥2070,2,￥1400,2,￥3200,2,￥0,0,￥0,0,￥2700,1,￥0,0,￥2700,1,￥0,0,￥0,0,￥0,0,￥0,0,￥0,0,￥0,0,￥0,0,￥0,0
001,ヌーベルプース大倉山 - REPOS,直営店,20250507,￥0,0,￥0,0,￥0,0,￥0,0,￥0,0,￥0,0,￥0,0,￥0,0,￥0,0,￥0,0,￥0,0,￥0,0,￥0,0,￥0,0,￥0,0,￥0,0,￥0,0
001,ヌーベルプース大倉山 - REPOS,直営店,20250508,￥0,0,￥7120,3,￥350,1,￥800,1,￥0,0,￥0,0,￥2400,1,￥0,0,￥0,0,￥0,0,￥0,0,￥0,0,￥0,0,￥0,0,￥0,0,￥0,0,￥0,0
001,ヌーベルプース大倉山 - REPOS,直営店,20250509,￥0,0,￥1150,2,￥0,0,￥0,0,￥0,0,￥0,0,￥0,0,￥0,0,￥0,0,￥0,0,￥0,0,￥0,0,￥0,0,￥0,0,￥0,0,￥0,0,￥0,0
001,ヌーベルプース大倉山 - REPOS,直営店,20250510,￥450,1,￥18830,6,￥700,1,￥2250,2,￥0,0,￥350,1,￥0,0,￥0,0,￥0,0,￥0,0,￥0,0,￥0,0,￥0,0,￥0,0,￥0,0,￥0,0,￥0,0
001,ヌーベルプース大倉山 - REPOS,直営店,20250511,￥1350,2,￥4050,3,￥0,0,￥450,1,￥0,0,￥1650,1,￥1750,2,￥0,0,￥0,0,￥0,0,￥0,0,￥0,0,￥0,0,￥0,0,￥0,0,￥0,0,￥0,0
001,ヌーベルプース大倉山 - REPOS,直営店,20250512,￥0,0,￥8300,10,￥950,2,￥2050,2,￥0,0,￥600,1,￥0,0,￥0,0,￥0,0,￥0,0,￥0,0,￥0,0,￥0,0,￥0,0,￥0,0,￥0,0,￥0,0
001,ヌーベルプース大倉山 - REPOS,直営店,20250513,￥0,0,￥1400,2,￥1000,1,￥0,0,￥0,0,￥0,0,￥0,0,￥0,0,￥0,0,￥0,0,￥0,0,￥0,0,￥0,0,￥0,0,￥0,0,￥0,0,￥0,0
001,ヌーベルプース大倉山 - REPOS,直営店,20250514,￥0,0,￥0,0,￥0,0,￥0,0,￥0,0,￥0,0,￥0,0,￥0,0,￥0,0,￥0,0,￥0,0,￥0,0,￥0,0,￥0,0,￥0,0,￥0,0,￥0,0
001,ヌーベルプース大倉山 - REPOS,直営店,20250515,￥2310,1,￥7900,5,￥500,1,￥0,0,￥0,0,￥0,0,￥0,0,￥0,0,￥0,0,￥0,0,￥0,0,￥0,0,￥0,0,￥0,0,￥0,0,￥0,0,￥0,0
001,ヌーベルプース大倉山 - REPOS,直営店,20250516,￥0,0,￥5700,4,￥900,2,￥3400,4,￥0,0,￥1200,1,￥4550,2,￥0,0,￥450,1,￥2500,1,￥0,0,￥0,0,￥0,0,￥0,0,￥0,0,￥0,0,￥0,0
001,ヌーベルプース大倉山 - REPOS,直営店,20250517,￥16090,18,￥49180,51,￥9050,11,￥14250,12,￥0,0,￥20520,25,￥10750,11,￥1400,1,￥2350,3,￥2400,3,￥900,2,￥0,0,￥0,0,￥0,0,￥0,0,￥0,0,￥0,0
001,ヌーベルプース大倉山 - REPOS,直営店,20250518,￥0,0,￥207670,9,￥0,0,￥0,0,￥0,0,￥1400,1,￥700,1,￥1350,1,￥1400,1,￥0,0,￥0,0,￥0,0,￥0,0,￥0,0,￥0,0,￥0,0,￥0,0
001,ヌーベルプース大倉山 - REPOS,直営店,20250519,￥1550,2,￥0,0,￥0,0,￥0,0,￥0,0,￥1450,1,￥500,1,￥0,0,￥0,0,￥600,1,￥0,0,￥0,0,￥0,0,￥0,0,￥0,0,￥0,0,￥0,0
001,ヌーベルプース大倉山 - REPOS,直営店,20250520,￥2540,3,￥5180,5,￥0,0,￥500,1,￥0,0,￥0,0,￥0,0,￥0,0,￥0,0,￥0,0,￥0,0,￥0,0,￥0,0,￥0,0,￥0,0,￥0,0,￥0,0
001,ヌーベルプース大倉山 - REPOS,直営店,20250521,￥0,0,￥0,0,￥0,0,￥0,0,￥0,0,￥0,0,￥0,0,￥0,0,￥0,0,￥0,0,￥0,0,￥0,0,￥0,0,￥0,0,￥0,0,￥0,0,￥0,0
001,ヌーベルプース大倉山 - REPOS,直営店,20250522,￥2110,2,￥1900,2,￥6550,4,￥0,0,￥0,0,￥0,0,￥0,0,￥770,1,￥0,0,￥0,0,￥0,0,￥0,0,￥0,0,￥0,0,￥0,0,￥0,0,￥0,0
001,ヌーベルプース大倉山 - REPOS,直営店,20250523,￥450,1,￥1150,1,￥0,0,￥0,0,￥0,0,￥0,0,￥0,0,￥0,0,￥0,0,￥0,0,￥0,0,￥0,0,￥0,0,￥0,0,￥0,0,￥0,0,￥0,0
001,ヌーベルプース大倉山 - REPOS,直営店,20250524,￥2900,5,￥6500,4,￥800,2,￥2300,2,￥850,1,￥0,0,￥1400,1,￥450,1,￥600,1,￥0,0,￥0,0,￥0,0,￥0,0,￥0,0,￥0,0,￥0,0,￥0,0
001,ヌーベルプース大倉山 - REPOS,直営店,20250525,￥4060,4,￥16310,17,￥450,1,￥1850,4,￥0,0,￥0,0,￥450,1,￥0,0,￥880,1,￥0,0,￥0,0,￥0,0,￥0,0,￥0,0,￥0,0,￥0,0,￥0,0
001,ヌーベルプース大倉山 - REPOS,直営店,20250526,￥0,0,￥6550,5,￥1150,2,￥0,0,￥0,0,￥450,1,￥0,0,￥0,0,￥1200,1,￥0,0,￥0,0,￥0,0,￥0,0,￥0,0,￥0,0,￥0,0,￥0,0
001,ヌーベルプース大倉山 - REPOS,直営店,20250527,￥5060,2,￥1800,3,￥800,2,￥0,0,￥0,0,￥0,0,￥0,0,￥0,0,￥500,1,￥0,0,￥0,0,￥0,0,￥0,0,￥0,0,￥0,0,￥0,0,￥0,0
001,ヌーベルプース大倉山 - REPOS,直営店,20250528,￥0,0,￥0,0,￥0,0,￥0,0,￥0,0,￥0,0,￥0,0,￥0,0,￥0,0,￥0,0,￥0,0,￥0,0,￥0,0,￥0,0,￥0,0,￥0,0,￥0,0
001,ヌーベルプース大倉山 - REPOS,直営店,20250529,￥1200,1,￥29210,2,￥1300,2,￥0,0,￥0,0,￥1750,2,￥450,1,￥0,0,￥0,0,￥0,0,￥1000,2,￥1500,1,￥0,0,￥0,0,￥0,0,￥0,0,￥0,0
001,ヌーベルプース大倉山 - REPOS,直営店,20250530,￥450,1,￥4300,2,￥0,0,￥0,0,￥900,1,￥0,0,￥0,0,￥0,0,￥0,0,￥0,0,￥0,0,￥0,0,￥0,0,￥0,0,￥0,0,￥0,0,￥0,0
001,ヌーベルプース大倉山 - REPOS,直営店,20250531,￥120,1,￥2850,2,￥450,1,￥0,0,￥0,0,￥1900,2,￥0,0,￥0,0,￥0,0,￥0,0,￥0,0,￥0,0,￥0,0,￥0,0,￥0,0,￥0,0,￥0,0
001,ヌーベルプース大倉山 - REPOS,直営店,20250601,￥2700,2,￥4300,7,￥1400,2,￥0,0,￥450,1,￥2100,1,￥700,1,￥0,0,￥0,0,￥0,0,￥0,0,￥0,0,￥0,0,￥0,0,￥0,0,￥0,0,￥0,0
001,ヌーベルプース大倉山 - REPOS,直営店,20250602,￥1500,3,￥3700,6,￥1600,3,￥450,1,￥0,0,￥2250,3,￥600,1,￥0,0,￥0,0,￥0,0,￥0,0,￥0,0,￥0,0,￥0,0,￥0,0,￥0,0,￥0,0
001,ヌーベルプース大倉山 - REPOS,直営店,20250603,￥1400,2,￥3100,4,￥2250,1,￥0,0,￥0,0,￥0,0,￥0,0,￥0,0,￥350,1,￥0,0,￥0,0,￥0,0,￥0,0,￥0,0,￥0,0,￥0,0,￥0,0
001,ヌーベルプース大倉山 - REPOS,直営店,20250604,￥0,0,￥0,0,￥0,0,￥0,0,￥0,0,￥0,0,￥0,0,￥0,0,￥0,0,￥0,0,￥0,0,￥0,0,￥0,0,￥0,0,￥0,0,￥0,0,￥0,0
001,ヌーベルプース大倉山 - REPOS,直営店,20250605,￥0,0,￥7000,6,￥0,0,￥0,0,￥0,0,￥0,0,￥2100,2,￥0,0,￥450,1,￥0,0,￥0,0,￥0,0,￥0,0,￥0,0,￥0,0,￥0,0,￥0,0
001,ヌーベルプース大倉山 - REPOS,直営店,20250606,￥1000,1,￥4750,4,￥1400,1,￥1150,1,￥0,0,￥0,0,￥0,0,￥0,0,￥0,0,￥0,0,￥0,0,￥0,0,￥0,0,￥0,0,￥0,0,￥0,0,￥0,0
001,ヌーベルプース大倉山 - REPOS,直営店,20250607,￥0,0,￥0,0,￥0,0,￥0,0,￥0,0,￥0,0,￥0,0,￥0,0,￥0,0,￥0,0,￥0,0,￥0,0,￥0,0,￥0,0,￥0,0,￥0,0,￥0,0
001,ヌーベルプース大倉山 - REPOS,直営店,20250608,￥0,0,￥2550,4,￥2150,2,￥0,0,￥0,0,￥820,1,￥0,0,￥0,0,￥0,0,￥0,0,￥0,0,￥0,0,￥0,0,￥0,0,￥0,0,￥0,0,￥0,0
001,ヌーベルプース大倉山 - REPOS,直営店,20250609,￥0,0,￥1850,4,￥2950,5,￥500,1,￥0,0,￥500,1,￥0,0,￥0,0,￥0,0,￥0,0,￥0,0,￥0,0,￥0,0,￥0,0,￥0,0,￥0,0,￥0,0
001,ヌーベルプース大倉山 - REPOS,直営店,20250610,￥1700,2,￥2100,2,￥0,0,￥450,1,￥0,0,￥1000,1,￥0,0,￥0,0,￥950,1,￥0,0,￥0,0,￥0,0,￥0,0,￥0,0,￥0,0,￥0,0,￥0,0
001,ヌーベルプース大倉山 - REPOS,直営店,20250611,￥0,0,￥0,0,￥0,0,￥0,0,￥0,0,￥0,0,￥0,0,￥0,0,￥0,0,￥0,0,￥0,0,￥0,0,￥0,0,￥0,0,￥0,0,￥0,0,￥0,0
001,ヌーベルプース大倉山 - REPOS,直営店,20250612,￥500,1,￥2750,3,￥800,1,￥700,1,￥0,0,￥0,0,￥0,0,￥0,0,￥0,0,￥0,0,￥0,0,￥0,0,￥0,0,￥0,0,￥0,0,￥0,0,￥0,0
001,ヌーベルプース大倉山 - REPOS,直営店,20250613,￥2450,2,￥5100,6,￥3450,4,￥900,1,￥450,1,￥0,0,￥2300,3,￥0,0,￥0,0,￥0,0,￥0,0,￥0,0,￥0,0,￥0,0,￥0,0,￥0,0,￥0,0
001,ヌーベルプース大倉山 - REPOS,直営店,20250614,￥4050,4,￥76960,17,￥850,2,￥1500,1,￥0,0,￥1150,2,￥0,0,￥0,0,￥2350,2,￥1650,1,￥0,0,￥0,0,￥0,0,￥0,0,￥0,0,￥0,0,￥0,0
001,ヌーベルプース大倉山 - REPOS,直営店,20250615,￥38350,4,￥20310,3,￥1200,1,￥450,1,￥0,0,￥0,0,￥0,0,￥0,0,￥2200,2,￥10340,1,￥0,0,￥0,0,￥0,0,￥0,0,￥0,0,￥0,0,￥0,0
001,ヌーベルプース大倉山 - REPOS,直営店,20250616,￥0,0,￥1050,2,￥350,1,￥0,0,￥0,0,￥900,1,￥1500,1,￥0,0,￥0,0,￥0,0,￥0,0,￥0,0,￥0,0,￥0,0,￥0,0,￥0,0,￥0,0
001,ヌーベルプース大倉山 - REPOS,直営店,20250617,￥3500,4,￥1350,2,￥0,0,￥0,0,￥1350,1,￥850,2,￥500,1,￥0,0,￥0,0,￥0,0,￥0,0,￥450,1,￥0,0,￥0,0,￥0,0,￥0,0,￥0,0
001,ヌーベルプース大倉山 - REPOS,直営店,20250618,￥0,0,￥0,0,￥0,0,￥0,0,￥0,0,￥0,0,￥0,0,￥0,0,￥0,0,￥0,0,￥0,0,￥0,0,￥0,0,￥0,0,￥0,0,￥0,0,￥0,0
001,ヌーベルプース大倉山 - REPOS,直営店,20250619,￥1200,2,￥7950,6,￥3170,5,￥0,0,￥0,0,￥450,1,￥0,0,￥0,0,￥0,0,￥0,0,￥0,0,￥0,0,￥0,0,￥0,0,￥0,0,￥0,0,￥0,0
001,ヌーベルプース大倉山 - REPOS,直営店,20250620,￥500,1,￥2750,3,￥620,2,￥0,0,￥0,0,￥0,0,￥0,0,￥0,0,￥0,0,￥0,0,￥0,0,￥0,0,￥0,0,￥0,0,￥0,0,￥0,0,￥0,0
001,ヌーベルプース大倉山 - REPOS,直営店,20250621,￥2000,3,￥2700,3,￥1900,2,￥1200,1,￥0,0,￥3250,3,￥500,1,￥600,1,￥0,0,￥0,0,￥0,0,￥0,0,￥0,0,￥0,0,￥0,0,￥0,0,￥0,0
001,ヌーベルプース大倉山 - REPOS,直営店,20250622,￥600,1,￥1090,2,￥500,1,￥0,0,￥0,0,￥4050,7,￥950,2,￥0,0,￥0,0,￥0,0,￥0,0,￥0,0,￥450,1,￥0,0,￥0,0,￥0,0,￥0,0
001,ヌーベルプース大倉山 - REPOS,直営店,20250623,￥0,0,￥3550,4,￥0,0,￥500,1,￥700,1,￥0,0,￥0,0,￥0,0,￥1200,1,￥0,0,￥0,0,￥0,0,￥0,0,￥0,0,￥0,0,￥0,0,￥0,0
001,ヌーベルプース大倉山 - REPOS,直営店,20250624,￥1350,3,￥4350,2,￥350,1,￥0,0,￥0,0,￥31900,1,￥1270,1,￥0,0,￥0,0,￥0,0,￥0,0,￥0,0,￥0,0,￥0,0,￥0,0,￥0,0,￥0,0
001,ヌーベルプース大倉山 - REPOS,直営店,20250625,￥0,0,￥0,0,￥0,0,￥0,0,￥0,0,￥0,0,￥0,0,￥0,0,￥0,0,￥0,0,￥0,0,￥0,0,￥0,0,￥0,0,￥0,0,￥0,0,￥0,0
001,ヌーベルプース大倉山 - REPOS,直営店,20250626,￥1400,2,￥5370,8,￥0,0,￥700,1,￥700,1,￥350,1,￥0,0,￥0,0,￥0,0,￥0,0,￥0,0,￥0,0,￥0,0,￥0,0,￥0,0,￥0,0,￥0,0
001,ヌーベルプース大倉山 - REPOS,直営店,20250627,￥0,0,￥1150,1,￥1750,3,￥0,0,￥0,0,￥2300,2,￥0,0,￥0,0,￥0,0,￥0,0,￥0,0,￥0,0,￥0,0,￥0,0,￥0,0,￥0,0,￥0,0
001,ヌーベルプース大倉山 - REPOS,直営店,20250628,￥0,0,￥3270,5,￥1500,2,￥4000,2,￥0,0,￥0,0,￥700,1,￥0,0,￥4050,1,￥0,0,￥0,0,￥0,0,￥0,0,￥0,0,￥0,0,￥0,0,￥0,0
001,ヌーベルプース大倉山 - REPOS,直営店,20250629,￥3600,2,￥110500,7,￥3950,6,￥700,1,￥0,0,￥950,2,￥0,0,￥0,0,￥2600,2,￥0,0,￥0,0,￥0,0,￥0,0,￥0,0,￥0,0,￥0,0,￥0,0
001,ヌーベルプース大倉山 - REPOS,直営店,20250630,￥450,1,￥3750,3,￥450,1,￥1400,1,￥800,1,￥0,0,￥1200,1,￥0,0,￥1500,1,￥0,0,￥0,0,￥0,0,￥0,0,￥0,0,￥0,0,￥0,0,￥0,0
001,ヌーベルプース大倉山 - REPOS,直営店,20250701,￥0,0,￥1800,1,￥0,0,￥900,1,￥0,0,￥0,0,￥0,0,￥0,0,￥7700,1,￥0,0,￥0,0,￥0,0,￥0,0,￥0,0,￥0,0,￥0,0,￥0,0
001,ヌーベルプース大倉山 - REPOS,直営店,20250702,￥0,0,￥0,0,￥0,0,￥0,0,￥0,0,￥0,0,￥0,0,￥0,0,￥0,0,￥0,0,￥0,0,￥0,0,￥0,0,￥0,0,￥0,0,￥0,0,￥0,0
001,ヌーベルプース大倉山 - REPOS,直営店,20250703,￥900,1,￥10920,4,￥1600,2,￥0,0,￥0,0,￥500,1,￥500,1,￥0,0,￥0,0,￥0,0,￥0,0,￥0,0,￥0,0,￥0,0,￥0,0,￥0,0,￥0,0
001,ヌーベルプース大倉山 - REPOS,直営店,20250704,￥35650,2,￥27510,5,￥1600,3,￥0,0,￥0,0,￥1050,1,￥0,0,￥0,0,￥0,0,￥0,0,￥0,0,￥0,0,￥0,0,￥0,0,￥0,0,￥0,0,￥0,0
001,ヌーベルプース大倉山 - REPOS,直営店,20250705,￥0,0,￥33280,8,￥1250,2,￥450,1,￥0,0,￥500,1,￥1000,1,￥0,0,￥500,1,￥0,0,￥0,0,￥0,0,￥0,0,￥0,0,￥0,0,￥0,0,￥0,0
001,ヌーベルプース大倉山 - REPOS,直営店,20250706,￥5950,4,￥2600,5,￥900,2,￥600,1,￥0,0,￥5300,4,￥2600,3,￥0,0,￥1850,2,￥0,0,￥0,0,￥0,0,￥0,0,￥0,0,￥0,0,￥0,0,￥0,0
001,ヌーベルプース大倉山 - REPOS,直営店,20250707,￥0,0,￥5520,2,￥0,0,￥450,1,￥0,0,￥2750,3,￥0,0,￥0,0,￥0,0,￥0,0,￥0,0,￥0,0,￥0,0,￥0,0,￥0,0,￥0,0,￥0,0
001,ヌーベルプース大倉山 - REPOS,直営店,20250708,￥0,0,￥850,2,￥900,1,￥0,0,￥0,0,￥0,0,￥0,0,￥0,0,￥0,0,￥0,0,￥0,0,￥0,0,￥0,0,￥0,0,￥0,0,￥0,0,￥0,0
001,ヌーベルプース大倉山 - REPOS,直営店,20250709,￥0,0,￥0,0,￥0,0,￥0,0,￥0,0,￥0,0,￥0,0,￥0,0,￥0,0,￥0,0,￥0,0,￥0,0,￥0,0,￥0,0,￥0,0,￥0,0,￥0,0
001,ヌーベルプース大倉山 - REPOS,直営店,20250710,￥9300,3,￥15370,4,￥1450,2,￥0,0,￥0,0,￥0,0,￥1150,1,￥0,0,￥500,1,￥0,0,￥0,0,￥0,0,￥0,0,￥0,0,￥0,0,￥0,0,￥0,0
001,ヌーベルプース大倉山 - REPOS,直営店,20250711,￥5270,4,￥3030,3,￥0,0,￥0,0,￥0,0,￥800,1,￥0,0,￥0,0,￥0,0,￥0,0,￥0,0,￥0,0,￥0,0,￥0,0,￥0,0,￥0,0,￥0,0
001,ヌーベルプース大倉山 - REPOS,直営店,20250712,￥0,0,￥10150,11,￥5620,9,￥0,0,￥0,0,￥1200,2,￥1100,1,￥0,0,￥5050,4,￥0,0,￥0,0,￥0,0,￥0,0,￥0,0,￥0,0,￥0,0,￥0,0
001,ヌーベルプース大倉山 - REPOS,直営店,20250713,￥1800,2,￥4120,6,￥850,1,￥850,1,￥0,0,￥1500,2,￥0,0,￥0,0,￥1500,2,￥0,0,￥0,0,￥0,0,￥0,0,￥0,0,￥0,0,￥0,0,￥0,0
001,ヌーベルプース大倉山 - REPOS,直営店,20250714,￥0,0,￥22610,3,￥1500,2,￥2400,2,￥450,1,￥3700,3,￥0,0,￥0,0,￥0,0,￥0,0,￥0,0,￥0,0,￥0,0,￥0,0,￥0,0,￥0,0,￥0,0
001,ヌーベルプース大倉山 - REPOS,直営店,20250715,￥2250,1,￥2750,4,￥0,0,￥0,0,￥0,0,￥0,0,￥0,0,￥0,0,￥0,0,￥0,0,￥0,0,￥0,0,￥0,0,￥0,0,￥0,0,￥0,0,￥0,0
001,ヌーベルプース大倉山 - REPOS,直営店,20250716,￥0,0,￥0,0,￥0,0,￥0,0,￥0,0,￥0,0,￥0,0,￥0,0,￥0,0,￥0,0,￥0,0,￥0,0,￥0,0,￥0,0,￥0,0,￥0,0,￥0,0
001,ヌーベルプース大倉山 - REPOS,直営店,20250717,￥0,0,￥3200,5,￥700,1,￥0,0,￥0,0,￥0,0,￥450,1,￥0,0,￥500,1,￥0,0,￥0,0,￥0,0,￥0,0,￥0,0,￥0,0,￥0,0,￥0,0
001,ヌーベルプース大倉山 - REPOS,直営店,20250718,￥2650,3,￥56650,3,￥0,0,￥0,0,￥0,0,￥450,1,￥850,1,￥0,0,￥0,0,￥0,0,￥0,0,￥0,0,￥1600,1,￥0,0,￥0,0,￥0,0,￥0,0
001,ヌーベルプース大倉山 - REPOS,直営店,20250719,￥2590,3,￥22300,9,￥2900,2,￥1900,3,￥0,0,￥1050,2,￥0,0,￥0,0,￥900,1,￥0,0,￥0,0,￥0,0,￥2100,3,￥0,0,￥0,0,￥0,0,￥0,0
001,ヌーベルプース大倉山 - REPOS,直営店,20250720,￥37280,3,￥2950,3,￥1050,1,￥0,0,￥500,1,￥0,0,￥0,0,￥0,0,￥0,0,￥0,0,￥0,0,￥0,0,￥0,0,￥0,0,￥0,0,￥0,0,￥0,0
001,ヌーベルプース大倉山 - REPOS,直営店,20250721,￥900,1,￥9570,10,￥0,0,￥0,0,￥0,0,￥1600,1,￥450,1,￥0,0,￥4740,7,￥0,0,￥0,0,￥0,0,￥0,0,￥0,0,￥0,0,￥0,0,￥0,0
001,ヌーベルプース大倉山 - REPOS,直営店,20250722,￥6750,5,￥7250,7,￥5820,8,￥3650,3,￥0,0,￥6750,4,￥1250,2,￥0,0,￥0,0,￥0,0,￥0,0,￥0,0,￥0,0,￥0,0,￥0,0,￥0,0,￥0,0
001,ヌーベルプース大倉山 - REPOS,直営店,20250723,￥0,0,￥0,0,￥0,0,￥0,0,￥0,0,￥0,0,￥0,0,￥0,0,￥0,0,￥0,0,￥0,0,￥0,0,￥0,0,￥0,0,￥0,0,￥0,0,￥0,0
001,ヌーベルプース大倉山 - REPOS,直営店,20250724,￥1350,1,￥10600,2,￥1050,2,￥0,0,￥1000,1,￥700,1,￥0,0,￥0,0,￥0,0,￥0,0,￥0,0,￥0,0,￥0,0,￥0,0,￥0,0,￥0,0,￥0,0
001,ヌーベルプース大倉山 - REPOS,直営店,20250725,￥0,0,￥1950,2,￥0,0,￥0,0,￥0,0,￥0,0,￥0,0,￥0,0,￥900,1,￥0,0,￥0,0,￥900,1,￥350,1,￥0,0,￥0,0,￥0,0,￥0,0
001,ヌーベルプース大倉山 - REPOS,直営店,20250726,￥2000,2,￥56300,6,￥2600,2,￥0,0,￥0,0,￥0,0,￥600,1,￥2400,2,￥0,0,￥0,0,￥0,0,￥0,0,￥0,0,￥0,0,￥0,0,￥0,0,￥0,0
001,ヌーベルプース大倉山 - REPOS,直営店,20250727,￥600,1,￥6150,5,￥0,0,￥2500,3,￥0,0,￥1750,2,￥0,0,￥0,0,￥1200,1,￥0,0,￥0,0,￥0,0,￥0,0,￥0,0,￥0,0,￥0,0,￥0,0
001,ヌーベルプース大倉山 - REPOS,直営店,20250728,￥35970,1,￥3300,2,￥1700,2,￥0,0,￥0,0,￥1400,2,￥0,0,￥0,0,￥0,0,￥0,0,￥0,0,￥0,0,￥0,0,￥0,0,￥0,0,￥0,0,￥0,0
001,ヌーベルプース大倉山 - REPOS,直営店,20250729,￥1150,1,￥3350,2,￥1500,1,￥600,1,￥0,0,￥900,1,￥1300,1,￥0,0,￥0,0,￥0,0,￥0,0,￥0,0,￥0,0,￥0,0,￥0,0,￥0,0,￥0,0
001,ヌーベルプース大倉山 - REPOS,直営店,20250730,￥0,0,￥0,0,￥0,0,￥0,0,￥0,0,￥0,0,￥0,0,￥0,0,￥0,0,￥0,0,￥0,0,￥0,0,￥0,0,￥0,0,￥0,0,￥0,0,￥0,0
001,ヌーベルプース大倉山 - REPOS,直営店,20250731,￥3150,2,￥1750,3,￥2600,2,￥0,0,￥0,0,￥1950,3,￥0,0,￥2300,1,￥1600,3,￥0,0,￥0,0,￥0,0,￥0,0,￥0,0,￥0,0,￥0,0,￥0,0
002,カフェ セレステ,直営店,20250501,￥900,1,￥10150,12,￥450,1,￥0,0,￥0,0,￥0,0,￥450,1,￥0,0,￥450,1,￥0,0,￥0,0,￥900,1,￥0,0,￥0,0,￥0,0,￥0,0,￥0,0
002,カフェ セレステ,直営店,20250502,￥0,0,￥0,0,￥0,0,￥0,0,￥0,0,￥0,0,￥0,0,￥0,0,￥0,0,￥0,0,￥0,0,￥0,0,￥0,0,￥0,0,￥0,0,￥0,0,￥0,0
002,カフェ セレステ,直営店,20250503,￥4850,7,￥14520,21,￥8000,12,￥4820,4,￥0,0,￥2950,4,￥0,0,￥450,1,￥450,1,￥0,0,￥0,0,￥0,0,￥0,0,￥0,0,￥0,0,￥0,0,￥0,0
002,カフェ セレステ,直営店,20250504,￥4750,4,￥9500,11,￥2950,5,￥0,0,￥0,0,￥700,1,￥450,1,￥0,0,￥10800,10,￥0,0,￥0,0,￥350,1,￥0,0,￥0,0,￥0,0,￥0,0,￥0,0
002,カフェ セレステ,直営店,20250505,￥7900,8,￥20720,27,￥8050,11,￥4300,6,￥1550,1,￥7000,8,￥1800,4,￥0,0,￥3100,4,￥800,2,￥0,0,￥0,0,￥900,1,￥0,0,￥0,0,￥0,0,￥0,0
002,カフェ セレステ,直営店,20250506,￥3150,5,￥8820,11,￥2900,6,￥1350,2,￥450,1,￥3150,4,￥900,2,￥0,0,￥1800,3,￥0,0,￥0,0,￥0,0,￥0,0,￥0,0,￥0,0,￥0,0,￥0,0
002,カフェ セレステ,直営店,20250507,￥0,0,￥3200,4,￥0,0,￥0,0,￥0,0,￥1350,1,￥0,0,￥0,0,￥0,0,￥0,0,￥0,0,￥0,0,￥1450,2,￥0,0,￥0,0,￥0,0,￥0,0
002,カフェ セレステ,直営店,20250508,￥2550,3,￥3500,6,￥950,1,￥450,1,￥0,0,￥0,0,￥450,1,￥0,0,￥1100,1,￥0,0,￥0,0,￥0,0,￥0,0,￥0,0,￥0,0,￥0,0,￥0,0
002,カフェ セレステ,直営店,20250509,￥5650,7,￥8100,17,￥2350,4,￥1350,3,￥1350,2,￥2270,5,￥0,0,￥700,1,￥450,1,￥0,0,￥450,1,￥0,0,￥0,0,￥0,0,￥0,0,￥0,0,￥0,0
002,カフェ セレステ,直営店,20250510,￥900,1,￥5800,10,￥450,1,￥0,0,￥0,0,￥7850,3,￥900,1,￥0,0,￥900,2,￥450,1,￥0,0,￥0,0,￥0,0,￥0,0,￥0,0,￥0,0,￥0,0
002,カフェ セレステ,直営店,20250511,￥1250,2,￥11650,18,￥4400,9,￥1350,2,￥1250,1,￥4750,8,￥1600,4,￥0,0,￥800,1,￥0,0,￥0,0,￥0,0,￥0,0,￥0,0,￥0,0,￥0,0,￥0,0
002,カフェ セレステ,直営店,20250512,￥9100,11,￥16600,23,￥7350,11,￥4250,5,￥500,1,￥4600,7,￥2850,5,￥950,2,￥500,1,￥900,1,￥0,0,￥0,0,￥0,0,￥0,0,￥0,0,￥0,0,￥0,0
002,カフェ セレステ,直営店,20250513,￥3350,4,￥10100,15,￥9400,9,￥500,1,￥500,1,￥2400,2,￥0,0,￥0,0,￥0,0,￥0,0,￥0,0,￥0,0,￥0,0,￥0,0,￥0,0,￥0,0,￥0,0
002,カフェ セレステ,直営店,20250514,￥500,1,￥6550,11,￥1000,2,￥0,0,￥0,0,￥2950,3,￥1350,2,￥0,0,￥0,0,￥1000,1,￥0,0,￥0,0,￥0,0,￥0,0,￥0,0,￥0,0,￥0,0
002,カフェ セレステ,直営店,20250515,￥1100,2,￥9850,16,￥2000,2,￥0,0,￥0,0,￥0,0,￥0,0,￥2000,1,￥500,1,￥0,0,￥0,0,￥0,0,￥0,0,￥0,0,￥0,0,￥0,0,￥0,0
002,カフェ セレステ,直営店,20250516,￥6050,8,￥19500,28,￥5350,10,￥5450,10,￥0,0,￥4000,4,￥7600,7,￥0,0,￥0,0,￥600,1,￥0,0,￥0,0,￥0,0,￥0,0,￥0,0,￥0,0,￥0,0
002,カフェ セレステ,直営店,20250517,￥7100,10,￥11650,18,￥10300,12,￥1900,3,￥0,0,￥6100,10,￥500,1,￥500,1,￥0,0,￥0,0,￥0,0,￥0,0,￥0,0,￥0,0,￥0,0,￥0,0,￥0,0
002,カフェ セレステ,直営店,20250518,￥5000,3,￥23050,28,￥2800,4,￥3000,4,￥0,0,￥1500,3,￥4050,5,￥0,0,￥5000,6,￥0,0,￥0,0,￥0,0,￥0,0,￥0,0,￥0,0,￥0,0,￥0,0
002,カフェ セレステ,直営店,20250519,￥2850,5,￥13190,19,￥2000,4,￥2200,3,￥0,0,￥500,1,￥1500,3,￥0,0,￥850,2,￥0,0,￥0,0,￥0,0,￥0,0,￥0,0,￥0,0,￥0,0,￥0,0
002,カフェ セレステ,直営店,20250520,￥0,0,￥9200,15,￥1500,3,￥500,1,￥0,0,￥1350,2,￥0,0,￥0,0,￥0,0,￥0,0,￥0,0,￥0,0,￥350,1,￥0,0,￥0,0,￥0,0,￥0,0
002,カフェ セレステ,直営店,20250521,￥1500,2,￥6450,10,￥4200,8,￥4250,5,￥0,0,￥1000,1,￥0,0,￥0,0,￥1850,2,￥0,0,￥0,0,￥0,0,￥0,0,￥0,0,￥0,0,￥0,0,￥0,0
002,カフェ セレステ,直営店,20250522,￥1700,3,￥15200,18,￥2450,4,￥1000,1,￥0,0,￥3200,4,￥0,0,￥500,1,￥0,0,￥800,1,￥0,0,￥0,0,￥0,0,￥0,0,￥0,0,￥0,0,￥0,0
002,カフェ セレステ,直営店,20250523,￥4000,4,￥13750,14,￥9120,15,￥500,1,￥700,1,￥3250,3,￥2000,2,￥0,0,￥0,0,￥0,0,￥0,0,￥0,0,￥0,0,￥0,0,￥0,0,￥0,0,￥0,0
002,カフェ セレステ,直営店,20250524,￥4970,10,￥18070,31,￥2450,5,￥500,1,￥0,0,￥5420,7,￥0,0,￥1500,2,￥1950,4,￥1620,3,￥0,0,￥0,0,￥0,0,￥0,0,￥0,0,￥0,0,￥0,0
002,カフェ セレステ,直営店,20250525,￥0,0,￥4200,4,￥850,2,￥0,0,￥0,0,￥0,0,￥500,1,￥800,1,￥0,0,￥0,0,￥0,0,￥0,0,￥0,0,￥0,0,￥0,0,￥0,0,￥0,0
002,カフェ セレステ,直営店,20250526,￥1500,2,￥5800,8,￥1000,2,￥1350,2,￥0,0,￥1850,1,￥1000,2,￥0,0,￥0,0,￥0,0,￥0,0,￥0,0,￥0,0,￥0,0,￥0,0,￥0,0,￥0,0
002,カフェ セレステ,直営店,20250527,￥500,1,￥7350,14,￥3950,7,￥500,1,￥0,0,￥2050,3,￥0,0,￥1000,1,￥0,0,￥0,0,￥0,0,￥0,0,￥0,0,￥0,0,￥0,0,￥0,0,￥0,0
002,カフェ セレステ,直営店,20250528,￥1000,2,￥7150,9,￥2350,4,￥0,0,￥500,1,￥500,1,￥2050,3,￥1850,3,￥1500,3,￥0,0,￥0,0,￥1000,1,￥0,0,￥0,0,￥0,0,￥0,0,￥0,0
002,カフェ セレステ,直営店,20250529,￥1500,2,￥11770,13,￥5100,10,￥3350,3,￥0,0,￥1500,2,￥500,1,￥0,0,￥0,0,￥0,0,￥0,0,￥0,0,￥0,0,￥0,0,￥0,0,￥0,0,￥0,0
002,カフェ セレステ,直営店,20250530,￥3620,6,￥9320,16,￥2450,4,￥2350,3,￥600,1,￥4400,4,￥2600,3,￥2000,3,￥1000,1,￥0,0,￥0,0,￥0,0,￥0,0,￥0,0,￥0,0,￥0,0,￥0,0
002,カフェ セレステ,直営店,20250531,￥3100,5,￥17200,20,￥5000,6,￥3600,5,￥500,1,￥4620,4,￥2000,3,￥500,1,￥0,0,￥0,0,￥0,0,￥0,0,￥0,0,￥0,0,￥0,0,￥0,0,￥0,0
002,カフェ セレステ,直営店,20250601,￥5150,6,￥21250,29,￥6320,13,￥500,1,￥0,0,￥6570,10,￥1970,3,￥1120,2,￥1100,2,￥0,0,￥0,0,￥0,0,￥0,0,￥0,0,￥0,0,￥0,0,￥0,0
002,カフェ セレステ,直営店,20250602,￥450,1,￥8550,10,￥1350,2,￥0,0,￥1500,3,￥500,1,￥1350,3,￥500,1,￥0,0,￥0,0,￥0,0,￥0,0,￥0,0,￥0,0,￥0,0,￥0,0,￥0,0
002,カフェ セレステ,直営店,20250603,￥2150,3,￥6450,10,￥3350,6,￥500,1,￥0,0,￥2350,3,￥0,0,￥0,0,￥620,1,￥0,0,￥0,0,￥0,0,￥0,0,￥0,0,￥0,0,￥0,0,￥0,0
002,カフェ セレステ,直営店,20250604,￥1100,2,￥6750,11,￥2400,1,￥0,0,￥500,1,￥1900,3,￥500,1,￥500,1,￥2550,3,￥0,0,￥0,0,￥0,0,￥0,0,￥0,0,￥0,0,￥0,0,￥0,0
002,カフェ セレステ,直営店,20250605,￥1000,2,￥9500,13,￥1700,3,￥0,0,￥0,0,￥2350,4,￥5300,4,￥500,1,￥500,1,￥0,0,￥0,0,￥0,0,￥0,0,￥0,0,￥0,0,￥0,0,￥0,0
002,カフェ セレステ,直営店,20250606,￥1350,3,￥22250,25,￥6250,6,￥1500,3,￥0,0,￥1500,2,￥2850,5,￥1000,2,￥1000,2,￥0,0,￥0,0,￥500,1,￥0,0,￥0,0,￥0,0,￥0,0,￥0,0
002,カフェ セレステ,直営店,20250607,￥4500,5,￥12300,15,￥2850,5,￥500,1,￥500,1,￥500,1,￥2500,2,￥0,0,￥0,0,￥1000,2,￥0,0,￥0,0,￥0,0,￥0,0,￥0,0,￥0,0,￥0,0
002,カフェ セレステ,直営店,20250608,￥2350,4,￥15920,25,￥6100,10,￥1000,2,￥500,1,￥3900,3,￥1000,2,￥0,0,￥3000,4,￥0,0,￥0,0,￥0,0,￥0,0,￥0,0,￥0,0,￥0,0,￥0,0
002,カフェ セレステ,直営店,20250609,￥1700,2,￥14400,18,￥4900,5,￥1000,2,￥0,0,￥2700,4,￥850,2,￥0,0,￥1000,2,￥0,0,￥0,0,￥0,0,￥0,0,￥0,0,￥0,0,￥0,0,￥0,0
002,カフェ セレステ,直営店,20250610,￥4970,7,￥8000,15,￥4450,5,￥1950,3,￥500,1,￥1700,3,￥500,1,￥2000,2,￥500,1,￥0,0,￥0,0,￥0,0,￥0,0,￥0,0,￥0,0,￥0,0,￥0,0
002,カフェ セレステ,直営店,20250611,￥1000,2,￥9950,13,￥6000,8,￥2970,4,￥1500,1,￥2600,3,￥1850,4,￥0,0,￥1740,2,￥0,0,￥0,0,￥0,0,￥0,0,￥0,0,￥0,0,￥0,0,￥0,0
002,カフェ セレステ,直営店,20250612,￥2150,4,￥14200,17,￥3550,5,￥1000,2,￥0,0,￥2200,4,￥500,1,￥0,0,￥0,0,￥0,0,￥0,0,￥0,0,￥0,0,￥0,0,￥0,0,￥0,0,￥0,0
002,カフェ セレステ,直営店,20250613,￥2850,4,￥27450,40,￥6150,9,￥1500,3,￥1500,3,￥0,0,￥5800,6,￥1500,3,￥3500,5,￥4600,2,￥0,0,￥0,0,￥0,0,￥0,0,￥0,0,￥0,0,￥0,0
002,カフェ セレステ,直営店,20250614,￥7000,9,￥27670,36,￥6970,11,￥2700,3,￥3850,3,￥4000,4,￥1000,1,￥1000,2,￥3220,4,￥0,0,￥0,0,￥0,0,￥0,0,￥0,0,￥0,0,￥0,0,￥0,0
002,カフェ セレステ,直営店,20250615,￥5500,7,￥11450,21,￥4170,8,￥2100,3,￥0,0,￥1950,3,￥2800,2,￥0,0,￥2200,2,￥0,0,￥0,0,￥0,0,￥0,0,￥0,0,￥0,0,￥0,0,￥0,0
002,カフェ セレステ,直営店,20250616,￥1500,3,￥4400,8,￥2500,4,￥1300,2,￥1200,1,￥2200,3,￥3300,2,￥0,0,￥0,0,￥0,0,￥0,0,￥0,0,￥0,0,￥0,0,￥0,0,￥0,0,￥0,0
002,カフェ セレステ,直営店,20250617,￥2000,2,￥12600,17,￥4950,7,￥2600,3,￥0,0,￥2500,3,￥1000,2,￥0,0,￥4450,2,￥0,0,￥0,0,￥0,0,￥0,0,￥0,0,￥0,0,￥0,0,￥0,0
002,カフェ セレステ,直営店,20250618,￥4100,7,￥19400,30,￥2850,4,￥1220,2,￥0,0,￥500,1,￥500,1,￥0,0,￥0,0,￥0,0,￥0,0,￥0,0,￥0,0,￥0,0,￥0,0,￥0,0,￥0,0
002,カフェ セレステ,直営店,20250619,￥4100,3,￥19250,24,￥4500,9,￥1000,1,￥950,1,￥2000,3,￥1000,2,￥0,0,￥500,1,￥0,0,￥0,0,￥0,0,￥0,0,￥0,0,￥0,0,￥0,0,￥0,0
002,カフェ セレステ,直営店,20250620,￥1600,3,￥9250,18,￥5740,8,￥2200,3,￥0,0,￥4500,8,￥500,1,￥0,0,￥0,0,￥0,0,￥0,0,￥0,0,￥0,0,￥0,0,￥0,0,￥0,0,￥0,0
002,カフェ セレステ,直営店,20250621,￥3800,6,￥13750,15,￥4300,8,￥0,0,￥0,0,￥5600,3,￥3450,3,￥1000,1,￥500,1,￥500,1,￥0,0,￥0,0,￥0,0,￥0,0,￥0,0,￥0,0,￥0,0
002,カフェ セレステ,直営店,20250622,￥5500,5,￥19100,25,￥2350,5,￥1000,2,￥0,0,￥1350,2,￥500,1,￥1000,1,￥2000,2,￥0,0,￥0,0,￥0,0,￥1750,2,￥0,0,￥0,0,￥0,0,￥0,0
002,カフェ セレステ,直営店,20250623,￥1000,2,￥10000,14,￥7800,8,￥500,1,￥0,0,￥2500,1,￥1000,2,￥0,0,￥1300,3,￥0,0,￥0,0,￥0,0,￥0,0,￥0,0,￥0,0,￥0,0,￥0,0
002,カフェ セレステ,直営店,20250624,￥1900,3,￥7900,11,￥8350,9,￥3950,4,￥1700,2,￥1350,1,￥2000,3,￥0,0,￥1600,2,￥0,0,￥0,0,￥0,0,￥1000,1,￥0,0,￥0,0,￥0,0,￥0,0
002,カフェ セレステ,直営店,20250625,￥4850,6,￥18350,28,￥7050,13,￥450,1,￥850,1,￥1500,1,￥500,1,￥0,0,￥0,0,￥1000,1,￥0,0,￥0,0,￥1100,1,￥0,0,￥0,0,￥0,0,￥0,0
002,カフェ セレステ,直営店,20250626,￥5600,7,￥12120,20,￥1600,2,￥2000,1,￥0,0,￥500,1,￥1500,3,￥0,0,￥3000,4,￥500,1,￥0,0,￥0,0,￥0,0,￥0,0,￥0,0,￥0,0,￥0,0
002,カフェ セレステ,直営店,20250627,￥0,0,￥3050,6,￥1000,2,￥500,1,￥0,0,￥500,1,￥500,1,￥0,0,￥0,0,￥0,0,￥0,0,￥0,0,￥0,0,￥0,0,￥0,0,￥0,0,￥0,0
002,カフェ セレステ,直営店,20250628,￥2550,3,￥14200,16,￥8700,7,￥850,2,￥1000,2,￥5570,7,￥500,1,￥500,1,￥2500,3,￥0,0,￥0,0,￥0,0,￥0,0,￥0,0,￥0,0,￥0,0,￥0,0
002,カフェ セレステ,直営店,20250629,￥4550,5,￥18350,21,￥5200,8,￥2850,4,￥950,1,￥600,1,￥3200,3,￥1150,2,￥3300,5,￥1000,1,￥0,0,￥0,0,￥0,0,￥0,0,￥0,0,￥0,0,￥0,0
002,カフェ セレステ,直営店,20250630,￥1000,1,￥2350,3,￥500,1,￥500,1,￥0,0,￥500,1,￥350,1,￥0,0,￥0,0,￥0,0,￥0,0,￥0,0,￥0,0,￥0,0,￥0,0,￥0,0,￥0,0
002,カフェ セレステ,直営店,20250701,￥500,1,￥7000,10,￥1950,3,￥2000,3,￥0,0,￥3800,3,￥0,0,￥0,0,￥0,0,￥120,1,￥0,0,￥0,0,￥0,0,￥0,0,￥0,0,￥0,0,￥0,0
002,カフェ セレステ,直営店,20250702,￥2700,3,￥10770,15,￥4000,6,￥1000,2,￥500,1,￥1000,2,￥1000,2,￥1000,2,￥0,0,￥0,0,￥0,0,￥0,0,￥0,0,￥0,0,￥0,0,￥0,0,￥0,0
002,カフェ セレステ,直営店,20250703,￥1450,2,￥10700,17,￥1350,3,￥1900,2,￥1500,1,￥3950,2,￥2500,5,￥350,1,￥1500,2,￥0,0,￥0,0,￥0,0,￥0,0,￥0,0,￥0,0,￥0,0,￥0,0
002,カフェ セレステ,直営店,20250704,￥2000,3,￥18700,29,￥5600,9,￥0,0,￥0,0,￥3250,3,￥1400,3,￥500,1,￥0,0,￥1000,2,￥0,0,￥0,0,￥0,0,￥0,0,￥0,0,￥0,0,￥0,0
002,カフェ セレステ,直営店,20250705,￥5850,8,￥25400,23,￥10500,15,￥5650,8,￥0,0,￥1000,1,￥2000,3,￥1500,2,￥2000,3,￥1000,1,￥0,0,￥0,0,￥0,0,￥0,0,￥0,0,￥0,0,￥0,0
002,カフェ セレステ,直営店,20250706,￥1700,2,￥17090,20,￥10400,15,￥3900,6,￥0,0,￥3070,4,￥3970,3,￥3550,3,￥2970,6,￥0,0,￥0,0,￥0,0,￥0,0,￥0,0,￥0,0,￥0,0,￥0,0
002,カフェ セレステ,直営店,20250707,￥2500,3,￥22750,27,￥2350,5,￥500,1,￥500,1,￥2350,4,￥2000,4,￥2000,2,￥1500,2,￥0,0,￥0,0,￥0,0,￥500,1,￥0,0,￥0,0,￥0,0,￥0,0
002,カフェ セレステ,直営店,20250708,￥1600,3,￥6920,10,￥7000,8,￥2200,3,￥0,0,￥4050,4,￥1350,3,￥0,0,￥500,1,￥0,0,￥0,0,￥0,0,￥0,0,￥0,0,￥0,0,￥0,0,￥0,0
002,カフェ セレステ,直営店,20250709,￥3300,3,￥6800,9,￥9000,7,￥0,0,￥0,0,￥500,1,￥3600,4,￥2500,4,￥0,0,￥350,1,￥0,0,￥0,0,￥0,0,￥0,0,￥0,0,￥0,0,￥0,0
002,カフェ セレステ,直営店,20250710,￥500,1,￥12400,11,￥1000,2,￥1500,2,￥0,0,￥0,0,￥0,0,￥0,0,￥500,1,￥0,0,￥0,0,￥0,0,￥500,1,￥0,0,￥0,0,￥0,0,￥0,0
002,カフェ セレステ,直営店,20250711,￥2000,3,￥16650,22,￥4350,6,￥0,0,￥0,0,￥1950,2,￥350,1,￥0,0,￥1500,1,￥0,0,￥0,0,￥0,0,￥0,0,￥0,0,￥0,0,￥0,0,￥0,0
002,カフェ セレステ,直営店,20250712,￥4350,7,￥32170,29,￥2900,4,￥5000,5,￥0,0,￥3350,5,￥2450,3,￥0,0,￥4350,5,￥500,1,￥0,0,￥0,0,￥0,0,￥0,0,￥0,0,￥0,0,￥0,0
002,カフェ セレステ,直営店,20250713,￥1000,2,￥21470,27,￥8750,12,￥2100,3,￥0,0,￥1000,2,￥5000,5,￥1000,2,￥3300,3,￥0,0,￥0,0,￥0,0,￥3500,4,￥0,0,￥0,0,￥0,0,￥0,0
002,カフェ セレステ,直営店,20250714,￥3000,5,￥8870,14,￥9500,14,￥3100,4,￥450,1,￥2200,3,￥1200,1,￥500,1,￥1000,2,￥500,1,￥0,0,￥0,0,￥0,0,￥0,0,￥0,0,￥0,0,￥0,0
002,カフェ セレステ,直営店,20250715,￥3500,4,￥2200,4,￥0,0,￥1500,1,￥0,0,￥1000,2,￥0,0,￥1100,1,￥500,1,￥0,0,￥0,0,￥0,0,￥0,0,￥0,0,￥0,0,￥0,0,￥0,0
002,カフェ セレステ,直営店,20250716,￥1350,3,￥7450,10,￥3000,5,￥1000,1,￥500,1,￥350,1,￥1100,2,￥0,0,￥1500,1,￥1000,1,￥0,0,￥0,0,￥0,0,￥0,0,￥0,0,￥0,0,￥0,0
002,カフェ セレステ,直営店,20250717,￥700,1,￥5700,9,￥2150,4,￥500,1,￥500,1,￥2000,1,￥0,0,￥0,0,￥0,0,￥0,0,￥0,0,￥0,0,￥0,0,￥0,0,￥0,0,￥0,0,￥0,0
002,カフェ セレステ,直営店,20250718,￥6200,9,￥7850,9,￥700,1,￥850,2,￥0,0,￥1000,1,￥2350,3,￥0,0,￥0,0,￥0,0,￥0,0,￥0,0,￥0,0,￥0,0,￥0,0,￥0,0,￥0,0
002,カフェ セレステ,直営店,20250719,￥4350,6,￥12070,20,￥8200,10,￥1100,2,￥0,0,￥3620,4,￥2950,4,￥0,0,￥500,1,￥0,0,￥0,0,￥0,0,￥0,0,￥0,0,￥0,0,￥0,0,￥0,0
002,カフェ セレステ,直営店,20250720,￥2000,3,￥13750,14,￥3800,5,￥0,0,￥0,0,￥2850,5,￥500,1,￥0,0,￥1300,1,￥350,1,￥0,0,￥1500,1,￥0,0,￥0,0,￥0,0,￥0,0,￥0,0
002,カフェ セレステ,直営店,20250721,￥6850,7,￥15650,17,￥5750,10,￥3000,2,￥0,0,￥4900,6,￥1000,2,￥350,1,￥2300,2,￥0,0,￥0,0,￥0,0,￥0,0,￥0,0,￥0,0,￥0,0,￥0,0
002,カフェ セレステ,直営店,20250722,￥4450,5,￥25100,32,￥8550,13,￥4800,7,￥350,1,￥4450,4,￥4900,3,￥3600,3,￥0,0,￥0,0,￥0,0,￥0,0,￥0,0,￥0,0,￥0,0,￥0,0,￥0,0
002,カフェ セレステ,直営店,20250723,￥1500,2,￥9150,10,￥4200,8,￥2950,4,￥0,0,￥0,0,￥350,1,￥0,0,￥4500,3,￥0,0,￥0,0,￥0,0,￥0,0,￥0,0,￥0,0,￥0,0,￥0,0
002,カフェ セレステ,直営店,20250724,￥2200,3,￥9200,12,￥5960,7,￥1500,3,￥0,0,￥3100,5,￥500,1,￥1000,1,￥0,0,￥950,1,￥0,0,￥0,0,￥5620,2,￥0,0,￥0,0,￥0,0,￥0,0
002,カフェ セレステ,直営店,20250725,￥1500,2,￥14750,18,￥11200,12,￥970,3,￥0,0,￥3900,2,￥1000,1,￥0,0,￥0,0,￥0,0,￥0,0,￥0,0,￥0,0,￥0,0,￥0,0,￥0,0,￥0,0
002,カフェ セレステ,直営店,20250726,￥4400,6,￥14100,19,￥1700,2,￥2300,3,￥0,0,￥3350,5,￥0,0,￥0,0,￥0,0,￥0,0,￥0,0,￥0,0,￥0,0,￥0,0,￥0,0,￥0,0,￥0,0
002,カフェ セレステ,直営店,20250727,￥5600,6,￥16970,19,￥2550,4,￥3500,3,￥500,1,￥5350,8,￥1570,2,￥0,0,￥6100,3,￥0,0,￥0,0,￥0,0,￥0,0,￥0,0,￥0,0,￥0,0,￥0,0
002,カフェ セレステ,直営店,20250728,￥1500,3,￥10700,13,￥5050,8,￥1000,2,￥0,0,￥0,0,￥0,0,￥450,1,￥0,0,￥0,0,￥0,0,￥0,0,￥0,0,￥0,0,￥0,0,￥0,0,￥0,0
002,カフェ セレステ,直営店,20250729,￥3500,4,￥7520,11,￥3800,7,￥1850,2,￥500,1,￥5750,4,￥1000,2,￥500,1,￥3300,3,￥0,0,￥0,0,￥0,0,￥1600,3,￥0,0,￥0,0,￥0,0,￥0,0
002,カフェ セレステ,直営店,20250730,￥9590,7,￥22020,21,￥10140,12,￥4200,5,￥0,0,￥1350,3,￥6450,5,￥1600,1,￥2500,4,￥700,1,￥0,0,￥950,1,￥0,0,￥0,0,￥0,0,￥0,0,￥0,0
002,カフェ セレステ,直営店,20250731,￥1350,2,￥8500,10,￥2900,3,￥350,1,￥0,0,￥0,0,￥0,0,￥0,0,￥2500,2,￥0,0,￥0,0,￥0,0,￥0,0,￥0,0,￥0,0,￥0,0,￥0,0
003,THE GARDEN SAPPORO                 HOKKAIDO GRILLE,直営店,20250501,￥0,0,￥4510,1,￥0,0,￥2750,1,￥0,0,￥0,0,￥0,0,￥0,0,￥0,0,￥0,0,￥0,0,￥0,0,￥0,0,￥0,0,￥0,0,￥0,0,￥0,0
003,THE GARDEN SAPPORO                 HOKKAIDO GRILLE,直営店,20250502,￥0,0,￥8390,3,￥0,0,￥0,0,￥0,0,￥0,0,￥0,0,￥0,0,￥0,0,￥0,0,￥0,0,￥0,0,￥0,0,￥0,0,￥0,0,￥0,0,￥0,0
003,THE GARDEN SAPPORO                 HOKKAIDO GRILLE,直営店,20250503,￥0,0,￥350,1,￥0,0,￥0,0,￥0,0,￥0,0,￥1250,1,￥0,0,￥0,0,￥0,0,￥0,0,￥0,0,￥0,0,￥0,0,￥0,0,￥0,0,￥0,0
003,THE GARDEN SAPPORO                 HOKKAIDO GRILLE,直営店,20250504,￥0,0,￥29320,1,￥0,0,￥0,0,￥0,0,￥0,0,￥0,0,￥0,0,￥0,0,￥0,0,￥0,0,￥0,0,￥0,0,￥0,0,￥0,0,￥0,0,￥0,0
003,THE GARDEN SAPPORO                 HOKKAIDO GRILLE,直営店,20250505,￥0,0,￥16560,1,￥0,0,￥0,0,￥0,0,￥0,0,￥350,1,￥0,0,￥0,0,￥0,0,￥0,0,￥0,0,￥0,0,￥0,0,￥0,0,￥0,0,￥0,0
003,THE GARDEN SAPPORO                 HOKKAIDO GRILLE,直営店,20250506,￥350,1,￥1050,2,￥1050,1,￥0,0,￥0,0,￥700,1,￥0,0,￥0,0,￥0,0,￥0,0,￥0,0,￥0,0,￥0,0,￥0,0,￥0,0,￥0,0,￥0,0
003,THE GARDEN SAPPORO                 HOKKAIDO GRILLE,直営店,20250507,￥0,0,￥0,0,￥0,0,￥0,0,￥0,0,￥0,0,￥0,0,￥0,0,￥0,0,￥0,0,￥0,0,￥0,0,￥0,0,￥0,0,￥0,0,￥0,0,￥0,0
003,THE GARDEN SAPPORO                 HOKKAIDO GRILLE,直営店,20250508,￥0,0,￥0,0,￥0,0,￥0,0,￥0,0,￥0,0,￥0,0,￥0,0,￥0,0,￥0,0,￥0,0,￥0,0,￥0,0,￥0,0,￥0,0,￥0,0,￥0,0
003,THE GARDEN SAPPORO                 HOKKAIDO GRILLE,直営店,20250509,￥0,0,￥2750,1,￥0,0,￥4680,1,￥0,0,￥0,0,￥0,0,￥0,0,￥0,0,￥0,0,￥0,0,￥0,0,￥0,0,￥0,0,￥0,0,￥0,0,￥0,0
003,THE GARDEN SAPPORO                 HOKKAIDO GRILLE,直営店,20250510,￥2750,1,￥31460,2,￥0,0,￥0,0,￥0,0,￥0,0,￥0,0,￥0,0,￥0,0,￥0,0,￥0,0,￥0,0,￥0,0,￥0,0,￥0,0,￥0,0,￥0,0
003,THE GARDEN SAPPORO                 HOKKAIDO GRILLE,直営店,20250511,￥0,0,￥20090,1,￥0,0,￥0,0,￥0,0,￥0,0,￥0,0,￥0,0,￥0,0,￥0,0,￥0,0,￥0,0,￥0,0,￥0,0,￥0,0,￥0,0,￥0,0
003,THE GARDEN SAPPORO                 HOKKAIDO GRILLE,直営店,20250512,￥6600,2,￥0,0,￥0,0,￥0,0,￥0,0,￥0,0,￥0,0,￥0,0,￥0,0,￥0,0,￥0,0,￥0,0,￥0,0,￥0,0,￥0,0,￥0,0,￥0,0
003,THE GARDEN SAPPORO                 HOKKAIDO GRILLE,直営店,20250513,￥0,0,￥0,0,￥0,0,￥0,0,￥0,0,￥0,0,￥0,0,￥0,0,￥0,0,￥0,0,￥0,0,￥0,0,￥0,0,￥0,0,￥0,0,￥0,0,￥0,0
003,THE GARDEN SAPPORO                 HOKKAIDO GRILLE,直営店,20250514,￥0,0,￥2750,1,￥0,0,￥0,0,￥0,0,￥0,0,￥0,0,￥0,0,￥0,0,￥0,0,￥0,0,￥0,0,￥0,0,￥0,0,￥0,0,￥0,0,￥0,0
003,THE GARDEN SAPPORO                 HOKKAIDO GRILLE,直営店,20250515,￥7040,2,￥5500,1,￥0,0,￥0,0,￥0,0,￥0,0,￥0,0,￥0,0,￥0,0,￥0,0,￥0,0,￥0,0,￥0,0,￥0,0,￥0,0,￥0,0,￥0,0
003,THE GARDEN SAPPORO                 HOKKAIDO GRILLE,直営店,20250516,￥5500,1,￥10010,2,￥0,0,￥0,0,￥0,0,￥0,0,￥0,0,￥0,0,￥0,0,￥0,0,￥0,0,￥0,0,￥0,0,￥0,0,￥0,0,￥0,0,￥0,0
003,THE GARDEN SAPPORO                 HOKKAIDO GRILLE,直営店,20250517,￥0,0,￥0,0,￥0,0,￥0,0,￥0,0,￥0,0,￥0,0,￥0,0,￥0,0,￥0,0,￥0,0,￥0,0,￥0,0,￥0,0,￥0,0,￥0,0,￥0,0
003,THE GARDEN SAPPORO                 HOKKAIDO GRILLE,直営店,20250518,￥0,0,￥11110,2,￥0,0,￥0,0,￥0,0,￥0,0,￥0,0,￥0,0,￥0,0,￥0,0,￥0,0,￥0,0,￥0,0,￥0,0,￥0,0,￥0,0,￥0,0
003,THE GARDEN SAPPORO                 HOKKAIDO GRILLE,直営店,20250519,￥2750,1,￥2750,1,￥0,0,￥0,0,￥0,0,￥0,0,￥0,0,￥0,0,￥3520,1,￥0,0,￥0,0,￥0,0,￥0,0,￥0,0,￥0,0,￥0,0,￥0,0
003,THE GARDEN SAPPORO                 HOKKAIDO GRILLE,直営店,20250520,￥0,0,￥2750,1,￥0,0,￥0,0,￥0,0,￥0,0,￥9680,1,￥0,0,￥0,0,￥0,0,￥0,0,￥0,0,￥0,0,￥0,0,￥0,0,￥0,0,￥0,0
003,THE GARDEN SAPPORO                 HOKKAIDO GRILLE,直営店,20250521,￥0,0,￥0,0,￥0,0,￥5500,1,￥0,0,￥0,0,￥0,0,￥0,0,￥0,0,￥0,0,￥0,0,￥0,0,￥0,0,￥0,0,￥0,0,￥0,0,￥0,0
003,THE GARDEN SAPPORO                 HOKKAIDO GRILLE,直営店,20250522,￥3520,1,￥0,0,￥0,0,￥8360,1,￥0,0,￥0,0,￥0,0,￥0,0,￥0,0,￥0,0,￥0,0,￥0,0,￥0,0,￥0,0,￥0,0,￥0,0,￥0,0
003,THE GARDEN SAPPORO                 HOKKAIDO GRILLE,直営店,20250523,￥0,0,￥0,0,￥0,0,￥0,0,￥0,0,￥0,0,￥2750,1,￥0,0,￥0,0,￥0,0,￥0,0,￥0,0,￥0,0,￥0,0,￥0,0,￥0,0,￥0,0
003,THE GARDEN SAPPORO                 HOKKAIDO GRILLE,直営店,20250524,￥2750,1,￥12220,1,￥0,0,￥0,0,￥0,0,￥0,0,￥0,0,￥0,0,￥0,0,￥0,0,￥0,0,￥0,0,￥0,0,￥0,0,￥0,0,￥0,0,￥0,0
003,THE GARDEN SAPPORO                 HOKKAIDO GRILLE,直営店,20250525,￥2750,1,￥0,0,￥0,0,￥0,0,￥0,0,￥0,0,￥0,0,￥0,0,￥0,0,￥0,0,￥0,0,￥0,0,￥0,0,￥0,0,￥0,0,￥0,0,￥0,0
003,THE GARDEN SAPPORO                 HOKKAIDO GRILLE,直営店,20250526,￥0,0,￥0,0,￥0,0,￥0,0,￥0,0,￥0,0,￥0,0,￥0,0,￥0,0,￥0,0,￥0,0,￥0,0,￥0,0,￥0,0,￥0,0,￥0,0,￥0,0
003,THE GARDEN SAPPORO                 HOKKAIDO GRILLE,直営店,20250527,￥0,0,￥0,0,￥0,0,￥0,0,￥0,0,￥0,0,￥4510,1,￥0,0,￥0,0,￥0,0,￥0,0,￥0,0,￥0,0,￥0,0,￥0,0,￥0,0,￥0,0
003,THE GARDEN SAPPORO                 HOKKAIDO GRILLE,直営店,20250528,￥0,0,￥2750,1,￥0,0,￥0,0,￥0,0,￥0,0,￥0,0,￥0,0,￥0,0,￥0,0,￥0,0,￥0,0,￥0,0,￥0,0,￥0,0,￥0,0,￥0,0
003,THE GARDEN SAPPORO                 HOKKAIDO GRILLE,直営店,20250529,￥30310,1,￥12100,3,￥0,0,￥0,0,￥0,0,￥0,0,￥0,0,￥0,0,￥0,0,￥0,0,￥0,0,￥0,0,￥0,0,￥0,0,￥0,0,￥0,0,￥0,0
003,THE GARDEN SAPPORO                 HOKKAIDO GRILLE,直営店,20250530,￥2750,1,￥39930,1,￥0,0,￥0,0,￥0,0,￥0,0,￥0,0,￥0,0,￥0,0,￥2750,1,￥0,0,￥0,0,￥0,0,￥0,0,￥0,0,￥0,0,￥0,0
003,THE GARDEN SAPPORO                 HOKKAIDO GRILLE,直営店,20250531,￥0,0,￥0,0,￥0,0,￥0,0,￥0,0,￥0,0,￥0,0,￥0,0,￥0,0,￥0,0,￥0,0,￥0,0,￥0,0,￥0,0,￥0,0,￥0,0,￥0,0
003,THE GARDEN SAPPORO                 HOKKAIDO GRILLE,直営店,20250601,￥8360,1,￥0,0,￥0,0,￥0,0,￥0,0,￥0,0,￥0,0,￥0,0,￥0,0,￥0,0,￥0,0,￥0,0,￥0,0,￥0,0,￥0,0,￥0,0,￥0,0
003,THE GARDEN SAPPORO                 HOKKAIDO GRILLE,直営店,20250602,￥18150,1,￥0,0,￥0,0,￥0,0,￥0,0,￥0,0,￥0,0,￥0,0,￥0,0,￥0,0,￥0,0,￥0,0,￥0,0,￥0,0,￥0,0,￥0,0,￥0,0
003,THE GARDEN SAPPORO                 HOKKAIDO GRILLE,直営店,20250603,￥0,0,￥5500,2,￥0,0,￥0,0,￥0,0,￥0,0,￥2750,1,￥0,0,￥0,0,￥0,0,￥0,0,￥0,0,￥0,0,￥0,0,￥0,0,￥0,0,￥0,0
003,THE GARDEN SAPPORO                 HOKKAIDO GRILLE,直営店,20250604,￥0,0,￥9790,2,￥0,0,￥0,0,￥0,0,￥0,0,￥0,0,￥0,0,￥0,0,￥0,0,￥0,0,￥0,0,￥0,0,￥0,0,￥0,0,￥0,0,￥0,0
003,THE GARDEN SAPPORO                 HOKKAIDO GRILLE,直営店,20250605,￥0,0,￥8250,3,￥0,0,￥0,0,￥0,0,￥0,0,￥0,0,￥0,0,￥0,0,￥0,0,￥0,0,￥0,0,￥0,0,￥0,0,￥0,0,￥0,0,￥0,0
003,THE GARDEN SAPPORO                 HOKKAIDO GRILLE,直営店,20250606,￥12540,3,￥0,0,￥0,0,￥0,0,￥0,0,￥0,0,￥1660,1,￥0,0,￥0,0,￥0,0,￥0,0,￥0,0,￥0,0,￥0,0,￥0,0,￥0,0,￥0,0
003,THE GARDEN SAPPORO                 HOKKAIDO GRILLE,直営店,20250607,￥3520,1,￥31860,5,￥0,0,￥8040,1,￥0,0,￥0,0,￥0,0,￥0,0,￥0,0,￥0,0,￥0,0,￥0,0,￥0,0,￥0,0,￥0,0,￥0,0,￥0,0
003,THE GARDEN SAPPORO                 HOKKAIDO GRILLE,直営店,20250608,￥0,0,￥0,0,￥0,0,￥0,0,￥0,0,￥0,0,￥0,0,￥0,0,￥0,0,￥0,0,￥0,0,￥0,0,￥0,0,￥0,0,￥0,0,￥0,0,￥0,0
003,THE GARDEN SAPPORO                 HOKKAIDO GRILLE,直営店,20250609,￥0,0,￥32890,2,￥0,0,￥0,0,￥0,0,￥0,0,￥2750,1,￥0,0,￥0,0,￥0,0,￥0,0,￥0,0,￥0,0,￥0,0,￥0,0,￥0,0,￥0,0
003,THE GARDEN SAPPORO                 HOKKAIDO GRILLE,直営店,20250610,￥0,0,￥0,0,￥0,0,￥0,0,￥0,0,￥0,0,￥3520,1,￥0,0,￥0,0,￥3520,1,￥0,0,￥0,0,￥0,0,￥0,0,￥0,0,￥0,0,￥0,0
003,THE GARDEN SAPPORO                 HOKKAIDO GRILLE,直営店,20250611,￥0,0,￥0,0,￥0,0,￥0,0,￥0,0,￥0,0,￥0,0,￥0,0,￥0,0,￥0,0,￥0,0,￥0,0,￥0,0,￥0,0,￥0,0,￥0,0,￥0,0
003,THE GARDEN SAPPORO                 HOKKAIDO GRILLE,直営店,20250612,￥0,0,￥25740,2,￥0,0,￥0,0,￥0,0,￥0,0,￥0,0,￥0,0,￥0,0,￥0,0,￥0,0,￥0,0,￥0,0,￥0,0,￥0,0,￥0,0,￥0,0
003,THE GARDEN SAPPORO                 HOKKAIDO GRILLE,直営店,20250613,￥6270,2,￥10450,2,￥0,0,￥0,0,￥0,0,￥0,0,￥0,0,￥0,0,￥0,0,￥0,0,￥0,0,￥0,0,￥0,0,￥0,0,￥0,0,￥0,0,￥0,0
003,THE GARDEN SAPPORO                 HOKKAIDO GRILLE,直営店,20250614,￥0,0,￥26070,3,￥0,0,￥0,0,￥0,0,￥0,0,￥0,0,￥0,0,￥0,0,￥0,0,￥0,0,￥0,0,￥0,0,￥0,0,￥0,0,￥0,0,￥0,0
003,THE GARDEN SAPPORO                 HOKKAIDO GRILLE,直営店,20250615,￥0,0,￥75220,3,￥0,0,￥0,0,￥4510,1,￥8030,1,￥5950,1,￥0,0,￥0,0,￥0,0,￥0,0,￥0,0,￥0,0,￥0,0,￥0,0,￥0,0,￥0,0
003,THE GARDEN SAPPORO                 HOKKAIDO GRILLE,直営店,20250616,￥2750,1,￥36200,4,￥0,0,￥0,0,￥0,0,￥0,0,￥0,0,￥0,0,￥0,0,￥0,0,￥0,0,￥0,0,￥0,0,￥0,0,￥0,0,￥0,0,￥0,0
003,THE GARDEN SAPPORO                 HOKKAIDO GRILLE,直営店,20250617,￥0,0,￥0,0,￥7700,1,￥0,0,￥0,0,￥8800,2,￥0,0,￥0,0,￥0,0,￥0,0,￥0,0,￥0,0,￥0,0,￥0,0,￥0,0,￥0,0,￥0,0
003,THE GARDEN SAPPORO                 HOKKAIDO GRILLE,直営店,20250618,￥2750,1,￥0,0,￥8800,1,￥0,0,￥0,0,￥0,0,￥2750,1,￥0,0,￥2750,1,￥0,0,￥0,0,￥0,0,￥0,0,￥0,0,￥0,0,￥0,0,￥0,0
003,THE GARDEN SAPPORO                 HOKKAIDO GRILLE,直営店,20250619,￥0,0,￥0,0,￥0,0,￥0,0,￥0,0,￥0,0,￥0,0,￥0,0,￥0,0,￥0,0,￥0,0,￥0,0,￥0,0,￥0,0,￥0,0,￥0,0,￥0,0
003,THE GARDEN SAPPORO                 HOKKAIDO GRILLE,直営店,20250620,￥0,0,￥6600,1,￥0,0,￥0,0,￥0,0,￥0,0,￥0,0,￥0,0,￥0,0,￥0,0,￥0,0,￥0,0,￥0,0,￥0,0,￥0,0,￥0,0,￥0,0
003,THE GARDEN SAPPORO                 HOKKAIDO GRILLE,直営店,20250621,￥0,0,￥77230,3,￥0,0,￥0,0,￥0,0,￥0,0,￥0,0,￥0,0,￥0,0,￥0,0,￥0,0,￥0,0,￥0,0,￥0,0,￥0,0,￥0,0,￥0,0
003,THE GARDEN SAPPORO                 HOKKAIDO GRILLE,直営店,20250622,￥2750,1,￥0,0,￥0,0,￥0,0,￥0,0,￥0,0,￥0,0,￥0,0,￥0,0,￥0,0,￥0,0,￥0,0,￥0,0,￥0,0,￥0,0,￥0,0,￥0,0
003,THE GARDEN SAPPORO                 HOKKAIDO GRILLE,直営店,20250623,￥0,0,￥0,0,￥0,0,￥0,0,￥0,0,￥0,0,￥0,0,￥0,0,￥0,0,￥0,0,￥0,0,￥0,0,￥0,0,￥0,0,￥0,0,￥0,0,￥0,0
003,THE GARDEN SAPPORO                 HOKKAIDO GRILLE,直営店,20250624,￥0,0,￥2750,1,￥2750,1,￥0,0,￥0,0,￥0,0,￥2750,1,￥0,0,￥2750,1,￥0,0,￥0,0,￥0,0,￥0,0,￥0,0,￥0,0,￥0,0,￥0,0
003,THE GARDEN SAPPORO                 HOKKAIDO GRILLE,直営店,20250625,￥5500,1,￥0,0,￥0,0,￥0,0,￥0,0,￥0,0,￥0,0,￥0,0,￥0,0,￥0,0,￥0,0,￥0,0,￥0,0,￥0,0,￥0,0,￥0,0,￥0,0
003,THE GARDEN SAPPORO                 HOKKAIDO GRILLE,直営店,20250626,￥0,0,￥3410,1,￥0,0,￥0,0,￥0,0,￥0,0,￥2750,1,￥0,0,￥0,0,￥0,0,￥0,0,￥0,0,￥0,0,￥0,0,￥0,0,￥0,0,￥0,0
003,THE GARDEN SAPPORO                 HOKKAIDO GRILLE,直営店,20250627,￥0,0,￥26240,2,￥0,0,￥0,0,￥0,0,￥0,0,￥0,0,￥0,0,￥0,0,￥0,0,￥0,0,￥0,0,￥0,0,￥0,0,￥0,0,￥0,0,￥0,0
003,THE GARDEN SAPPORO                 HOKKAIDO GRILLE,直営店,20250628,￥0,0,￥15850,2,￥5500,1,￥0,0,￥0,0,￥0,0,￥0,0,￥0,0,￥0,0,￥0,0,￥0,0,￥0,0,￥0,0,￥0,0,￥0,0,￥0,0,￥0,0
003,THE GARDEN SAPPORO                 HOKKAIDO GRILLE,直営店,20250629,￥0,0,￥30530,2,￥0,0,￥0,0,￥0,0,￥0,0,￥0,0,￥0,0,￥0,0,￥0,0,￥0,0,￥0,0,￥0,0,￥0,0,￥0,0,￥0,0,￥0,0
003,THE GARDEN SAPPORO                 HOKKAIDO GRILLE,直営店,20250630,￥28890,3,￥3520,1,￥0,0,￥0,0,￥0,0,￥0,0,￥0,0,￥0,0,￥0,0,￥0,0,￥0,0,￥0,0,￥0,0,￥0,0,￥0,0,￥0,0,￥0,0
003,THE GARDEN SAPPORO                 HOKKAIDO GRILLE,直営店,20250701,￥0,0,￥32620,1,￥0,0,￥0,0,￥0,0,￥0,0,￥0,0,￥0,0,￥0,0,￥0,0,￥0,0,￥0,0,￥0,0,￥0,0,￥0,0,￥0,0,￥0,0
003,THE GARDEN SAPPORO                 HOKKAIDO GRILLE,直営店,20250702,￥0,0,￥22000,2,￥0,0,￥0,0,￥0,0,￥0,0,￥0,0,￥0,0,￥0,0,￥0,0,￥0,0,￥0,0,￥0,0,￥0,0,￥0,0,￥0,0,￥0,0
003,THE GARDEN SAPPORO                 HOKKAIDO GRILLE,直営店,20250703,￥0,0,￥0,0,￥0,0,￥0,0,￥0,0,￥0,0,￥0,0,￥0,0,￥0,0,￥0,0,￥0,0,￥0,0,￥0,0,￥0,0,￥0,0,￥0,0,￥0,0
003,THE GARDEN SAPPORO                 HOKKAIDO GRILLE,直営店,20250704,￥0,0,￥3520,1,￥0,0,￥25300,1,￥0,0,￥0,0,￥0,0,￥0,0,￥0,0,￥0,0,￥0,0,￥0,0,￥0,0,￥0,0,￥0,0,￥0,0,￥0,0
003,THE GARDEN SAPPORO                 HOKKAIDO GRILLE,直営店,20250705,￥3520,1,￥12540,3,￥0,0,￥0,0,￥0,0,￥0,0,￥0,0,￥0,0,￥0,0,￥0,0,￥0,0,￥0,0,￥0,0,￥0,0,￥0,0,￥0,0,￥0,0
003,THE GARDEN SAPPORO                 HOKKAIDO GRILLE,直営店,20250706,￥0,0,￥11960,1,￥0,0,￥0,0,￥0,0,￥5500,1,￥0,0,￥0,0,￥0,0,￥0,0,￥0,0,￥0,0,￥0,0,￥0,0,￥0,0,￥0,0,￥0,0
003,THE GARDEN SAPPORO                 HOKKAIDO GRILLE,直営店,20250707,￥26240,1,￥7040,1,￥0,0,￥0,0,￥0,0,￥0,0,￥7040,2,￥0,0,￥0,0,￥0,0,￥0,0,￥0,0,￥0,0,￥0,0,￥0,0,￥0,0,￥0,0
003,THE GARDEN SAPPORO                 HOKKAIDO GRILLE,直営店,20250708,￥4240,1,￥0,0,￥0,0,￥0,0,￥0,0,￥0,0,￥0,0,￥0,0,￥0,0,￥0,0,￥0,0,￥0,0,￥0,0,￥0,0,￥0,0,￥0,0,￥0,0
003,THE GARDEN SAPPORO                 HOKKAIDO GRILLE,直営店,20250709,￥0,0,￥17220,1,￥0,0,￥0,0,￥0,0,￥0,0,￥0,0,￥0,0,￥0,0,￥0,0,￥0,0,￥0,0,￥0,0,￥0,0,￥0,0,￥0,0,￥0,0
003,THE GARDEN SAPPORO                 HOKKAIDO GRILLE,直営店,20250710,￥0,0,￥18920,1,￥0,0,￥0,0,￥0,0,￥0,0,￥0,0,￥0,0,￥0,0,￥0,0,￥0,0,￥0,0,￥0,0,￥0,0,￥0,0,￥0,0,￥0,0
003,THE GARDEN SAPPORO                 HOKKAIDO GRILLE,直営店,20250711,￥0,0,￥0,0,￥0,0,￥6330,1,￥0,0,￥0,0,￥0,0,￥0,0,￥0,0,￥0,0,￥0,0,￥0,0,￥0,0,￥0,0,￥0,0,￥0,0,￥0,0
003,THE GARDEN SAPPORO                 HOKKAIDO GRILLE,直営店,20250712,￥0,0,￥2750,1,￥0,0,￥0,0,￥0,0,￥0,0,￥0,0,￥0,0,￥0,0,￥0,0,￥0,0,￥0,0,￥0,0,￥0,0,￥0,0,￥0,0,￥0,0
003,THE GARDEN SAPPORO                 HOKKAIDO GRILLE,直営店,20250713,￥20640,1,￥7040,2,￥0,0,￥0,0,￥0,0,￥8700,1,￥0,0,￥0,0,￥0,0,￥0,0,￥0,0,￥0,0,￥0,0,￥0,0,￥0,0,￥0,0,￥0,0
003,THE GARDEN SAPPORO                 HOKKAIDO GRILLE,直営店,20250714,￥6600,2,￥6820,2,￥0,0,￥0,0,￥0,0,￥5500,1,￥0,0,￥0,0,￥0,0,￥0,0,￥0,0,￥0,0,￥0,0,￥0,0,￥0,0,￥0,0,￥0,0
003,THE GARDEN SAPPORO                 HOKKAIDO GRILLE,直営店,20250715,￥5670,1,￥0,0,￥0,0,￥0,0,￥0,0,￥0,0,￥0,0,￥0,0,￥0,0,￥0,0,￥0,0,￥0,0,￥0,0,￥0,0,￥0,0,￥0,0,￥0,0
003,THE GARDEN SAPPORO                 HOKKAIDO GRILLE,直営店,20250716,￥0,0,￥4350,1,￥0,0,￥0,0,￥0,0,￥0,0,￥0,0,￥0,0,￥0,0,￥0,0,￥0,0,￥0,0,￥0,0,￥0,0,￥0,0,￥0,0,￥0,0
003,THE GARDEN SAPPORO                 HOKKAIDO GRILLE,直営店,20250717,￥0,0,￥12210,3,￥0,0,￥0,0,￥0,0,￥0,0,￥0,0,￥0,0,￥0,0,￥0,0,￥0,0,￥0,0,￥0,0,￥0,0,￥0,0,￥0,0,￥0,0
003,THE GARDEN SAPPORO                 HOKKAIDO GRILLE,直営店,20250718,￥0,0,￥0,0,￥0,0,￥0,0,￥0,0,￥0,0,￥0,0,￥0,0,￥0,0,￥0,0,￥0,0,￥0,0,￥0,0,￥0,0,￥0,0,￥0,0,￥0,0
003,THE GARDEN SAPPORO                 HOKKAIDO GRILLE,直営店,20250719,￥0,0,￥111170,6,￥0,0,￥32190,1,￥0,0,￥0,0,￥0,0,￥0,0,￥0,0,￥0,0,￥0,0,￥0,0,￥0,0,￥0,0,￥0,0,￥0,0,￥0,0
003,THE GARDEN SAPPORO                 HOKKAIDO GRILLE,直営店,20250720,￥0,0,￥31680,2,￥0,0,￥0,0,￥0,0,￥0,0,￥0,0,￥0,0,￥0,0,￥0,0,￥0,0,￥0,0,￥0,0,￥0,0,￥0,0,￥0,0,￥0,0
003,THE GARDEN SAPPORO                 HOKKAIDO GRILLE,直営店,20250721,￥0,0,￥2750,1,￥2750,1,￥0,0,￥0,0,￥0,0,￥0,0,￥0,0,￥0,0,￥0,0,￥0,0,￥0,0,￥0,0,￥0,0,￥0,0,￥0,0,￥0,0
003,THE GARDEN SAPPORO                 HOKKAIDO GRILLE,直営店,20250722,￥0,0,￥0,0,￥0,0,￥0,0,￥0,0,￥0,0,￥0,0,￥0,0,￥0,0,￥0,0,￥0,0,￥0,0,￥0,0,￥0,0,￥0,0,￥0,0,￥0,0
003,THE GARDEN SAPPORO                 HOKKAIDO GRILLE,直営店,20250723,￥0,0,￥0,0,￥0,0,￥0,0,￥0,0,￥9350,1,￥0,0,￥0,0,￥0,0,￥0,0,￥0,0,￥0,0,￥0,0,￥0,0,￥0,0,￥0,0,￥0,0
003,THE GARDEN SAPPORO                 HOKKAIDO GRILLE,直営店,20250724,￥0,0,￥19470,2,￥0,0,￥0,0,￥0,0,￥0,0,￥0,0,￥0,0,￥0,0,￥0,0,￥0,0,￥0,0,￥0,0,￥0,0,￥0,0,￥0,0,￥0,0
003,THE GARDEN SAPPORO                 HOKKAIDO GRILLE,直営店,20250725,￥9740,1,￥0,0,￥0,0,￥0,0,￥0,0,￥0,0,￥0,0,￥0,0,￥0,0,￥0,0,￥0,0,￥0,0,￥0,0,￥0,0,￥0,0,￥0,0,￥0,0
003,THE GARDEN SAPPORO                 HOKKAIDO GRILLE,直営店,20250726,￥4840,1,￥6820,2,￥0,0,￥0,0,￥0,0,￥0,0,￥0,0,￥0,0,￥0,0,￥0,0,￥0,0,￥0,0,￥0,0,￥0,0,￥0,0,￥0,0,￥0,0
003,THE GARDEN SAPPORO                 HOKKAIDO GRILLE,直営店,20250727,￥0,0,￥0,0,￥0,0,￥0,0,￥0,0,￥0,0,￥2480,1,￥0,0,￥0,0,￥0,0,￥0,0,￥0,0,￥0,0,￥0,0,￥0,0,￥0,0,￥0,0
003,THE GARDEN SAPPORO                 HOKKAIDO GRILLE,直営店,20250728,￥0,0,￥4240,1,￥0,0,￥0,0,￥0,0,￥0,0,￥2750,1,￥0,0,￥5940,1,￥0,0,￥0,0,￥0,0,￥0,0,￥0,0,￥0,0,￥0,0,￥0,0
003,THE GARDEN SAPPORO                 HOKKAIDO GRILLE,直営店,20250729,￥0,0,￥0,0,￥0,0,￥0,0,￥0,0,￥0,0,￥0,0,￥0,0,￥6560,1,￥0,0,￥0,0,￥0,0,￥0,0,￥0,0,￥0,0,￥0,0,￥0,0
003,THE GARDEN SAPPORO                 HOKKAIDO GRILLE,直営店,20250730,￥0,0,￥0,0,￥0,0,￥0,0,￥0,0,￥0,0,￥0,0,￥0,0,￥0,0,￥0,0,￥0,0,￥0,0,￥0,0,￥0,0,￥0,0,￥0,0,￥0,0
003,THE GARDEN SAPPORO                 HOKKAIDO GRILLE,直営店,20250731,￥0,0,￥31090,2,￥0,0,￥0,0,￥0,0,￥0,0,￥0,0,￥0,0,￥0,0,￥0,0,￥0,0,￥0,0,￥0,0,￥0,0,￥0,0,￥0,0,￥0,0
004,ひつじにわいん,直営店,20250501,￥700,1,￥12150,7,￥1200,2,￥10850,5,￥0,0,￥1500,1,￥2300,1,￥0,0,￥6650,4,￥0,0,￥0,0,￥0,0,￥0,0,￥0,0,￥0,0,￥0,0,￥0,0
004,ひつじにわいん,直営店,20250502,￥5900,3,￥1800,2,￥950,1,￥0,0,￥0,0,￥0,0,￥3600,3,￥700,1,￥0,0,￥4700,2,￥0,0,￥0,0,￥0,0,￥0,0,￥0,0,￥0,0,￥0,0
004,ひつじにわいん,直営店,20250503,￥12750,7,￥17050,14,￥1900,2,￥9800,6,￥0,0,￥3550,2,￥0,0,￥700,1,￥0,0,￥0,0,￥0,0,￥0,0,￥0,0,￥0,0,￥0,0,￥0,0,￥0,0
004,ひつじにわいん,直営店,20250504,￥13600,6,￥21750,17,￥4700,3,￥1300,1,￥2150,2,￥6300,3,￥0,0,￥0,0,￥1050,1,￥0,0,￥0,0,￥0,0,￥0,0,￥0,0,￥0,0,￥0,0,￥0,0
004,ひつじにわいん,直営店,20250505,￥5700,3,￥20250,8,￥5200,3,￥7800,5,￥0,0,￥5800,5,￥0,0,￥3400,1,￥2000,2,￥0,0,￥0,0,￥0,0,￥0,0,￥0,0,￥0,0,￥0,0,￥0,0
004,ひつじにわいん,直営店,20250506,￥5900,4,￥5600,4,￥4950,2,￥8500,5,￥0,0,￥1500,1,￥3800,3,￥0,0,￥4200,2,￥0,0,￥0,0,￥0,0,￥0,0,￥0,0,￥0,0,￥0,0,￥0,0
004,ひつじにわいん,直営店,20250507,￥0,0,￥1900,1,￥0,0,￥0,0,￥0,0,￥0,0,￥0,0,￥0,0,￥0,0,￥1800,1,￥0,0,￥0,0,￥0,0,￥0,0,￥0,0,￥0,0,￥0,0
004,ひつじにわいん,直営店,20250508,￥0,0,￥4900,3,￥0,0,￥0,0,￥0,0,￥0,0,￥0,0,￥0,0,￥700,1,￥0,0,￥0,0,￥0,0,￥0,0,￥0,0,￥0,0,￥0,0,￥0,0
004,ひつじにわいん,直営店,20250509,￥4000,2,￥3450,2,￥0,0,￥700,1,￥0,0,￥0,0,￥700,1,￥0,0,￥5400,3,￥0,0,￥0,0,￥0,0,￥0,0,￥0,0,￥0,0,￥0,0,￥0,0
004,ひつじにわいん,直営店,20250510,￥7800,2,￥15900,10,￥0,0,￥2000,2,￥1600,2,￥0,0,￥1800,1,￥0,0,￥1900,1,￥0,0,￥0,0,￥0,0,￥0,0,￥0,0,￥0,0,￥0,0,￥0,0
004,ひつじにわいん,直営店,20250511,￥3800,3,￥24400,16,￥7800,4,￥0,0,￥1200,1,￥2900,2,￥3150,2,￥0,0,￥1600,2,￥0,0,￥0,0,￥0,0,￥0,0,￥0,0,￥0,0,￥0,0,￥0,0
004,ひつじにわいん,直営店,20250512,￥8600,5,￥32600,16,￥9600,5,￥1700,1,￥0,0,￥4500,2,￥0,0,￥0,0,￥600,1,￥0,0,￥0,0,￥0,0,￥0,0,￥0,0,￥0,0,￥0,0,￥0,0
004,ひつじにわいん,直営店,20250513,￥4000,2,￥13800,8,￥0,0,￥0,0,￥0,0,￥0,0,￥0,0,￥1500,1,￥0,0,￥0,0,￥0,0,￥0,0,￥0,0,￥0,0,￥0,0,￥0,0,￥0,0
004,ひつじにわいん,直営店,20250514,￥700,1,￥7100,6,￥0,0,￥3300,2,￥0,0,￥0,0,￥0,0,￥0,0,￥3800,3,￥0,0,￥0,0,￥0,0,￥0,0,￥0,0,￥0,0,￥0,0,￥0,0
004,ひつじにわいん,直営店,20250515,￥600,1,￥6350,4,￥0,0,￥0,0,￥500,1,￥4100,3,￥700,1,￥2000,1,￥1300,1,￥0,0,￥0,0,￥0,0,￥0,0,￥0,0,￥0,0,￥0,0,￥0,0
004,ひつじにわいん,直営店,20250516,￥2100,2,￥11400,12,￥3100,3,￥600,1,￥0,0,￥4100,3,￥600,1,￥0,0,￥2300,2,￥500,1,￥0,0,￥0,0,￥0,0,￥0,0,￥0,0,￥0,0,￥0,0
004,ひつじにわいん,直営店,20250517,￥8950,6,￥11550,8,￥1400,1,￥6400,3,￥0,0,￥500,1,￥4050,2,￥0,0,￥1400,1,￥0,0,￥0,0,￥0,0,￥0,0,￥0,0,￥0,0,￥0,0,￥0,0
004,ひつじにわいん,直営店,20250518,￥15300,7,￥14100,11,￥1000,1,￥6700,3,￥2150,2,￥9450,6,￥7300,4,￥0,0,￥5800,5,￥0,0,￥0,0,￥0,0,￥0,0,￥0,0,￥0,0,￥0,0,￥0,0
004,ひつじにわいん,直営店,20250519,￥0,0,￥0,0,￥0,0,￥0,0,￥0,0,￥0,0,￥0,0,￥0,0,￥0,0,￥0,0,￥0,0,￥0,0,￥0,0,￥0,0,￥0,0,￥0,0,￥0,0
004,ひつじにわいん,直営店,20250520,￥0,0,￥0,0,￥0,0,￥0,0,￥0,0,￥0,0,￥0,0,￥0,0,￥0,0,￥0,0,￥0,0,￥0,0,￥0,0,￥0,0,￥0,0,￥0,0,￥0,0
004,ひつじにわいん,直営店,20250521,￥0,0,￥0,0,￥0,0,￥0,0,￥0,0,￥0,0,￥0,0,￥0,0,￥0,0,￥0,0,￥0,0,￥0,0,￥0,0,￥0,0,￥0,0,￥0,0,￥0,0
004,ひつじにわいん,直営店,20250522,￥0,0,￥0,0,￥0,0,￥0,0,￥0,0,￥0,0,￥0,0,￥0,0,￥0,0,￥0,0,￥0,0,￥0,0,￥0,0,￥0,0,￥0,0,￥0,0,￥0,0
004,ひつじにわいん,直営店,20250523,￥0,0,￥0,0,￥0,0,￥0,0,￥0,0,￥0,0,￥0,0,￥0,0,￥0,0,￥0,0,￥0,0,￥0,0,￥0,0,￥0,0,￥0,0,￥0,0,￥0,0
004,ひつじにわいん,直営店,20250524,￥0,0,￥0,0,￥0,0,￥0,0,￥0,0,￥0,0,￥0,0,￥0,0,￥0,0,￥0,0,￥0,0,￥0,0,￥0,0,￥0,0,￥0,0,￥0,0,￥0,0
004,ひつじにわいん,直営店,20250525,￥0,0,￥0,0,￥0,0,￥0,0,￥0,0,￥0,0,￥0,0,￥0,0,￥0,0,￥0,0,￥0,0,￥0,0,￥0,0,￥0,0,￥0,0,￥0,0,￥0,0
004,ひつじにわいん,直営店,20250526,￥0,0,￥0,0,￥0,0,￥0,0,￥0,0,￥0,0,￥0,0,￥0,0,￥0,0,￥0,0,￥0,0,￥0,0,￥0,0,￥0,0,￥0,0,￥0,0,￥0,0
004,ひつじにわいん,直営店,20250527,￥0,0,￥0,0,￥0,0,￥0,0,￥0,0,￥0,0,￥0,0,￥0,0,￥0,0,￥0,0,￥0,0,￥0,0,￥0,0,￥0,0,￥0,0,￥0,0,￥0,0
004,ひつじにわいん,直営店,20250528,￥0,0,￥0,0,￥0,0,￥0,0,￥0,0,￥0,0,￥0,0,￥0,0,￥0,0,￥0,0,￥0,0,￥0,0,￥0,0,￥0,0,￥0,0,￥0,0,￥0,0
004,ひつじにわいん,直営店,20250529,￥0,0,￥0,0,￥0,0,￥0,0,￥0,0,￥0,0,￥0,0,￥0,0,￥0,0,￥0,0,￥0,0,￥0,0,￥0,0,￥0,0,￥0,0,￥0,0,￥0,0
004,ひつじにわいん,直営店,20250530,￥0,0,￥79000,11,￥1550,1,￥29500,2,￥0,0,￥84950,8,￥0,0,￥0,0,￥0,0,￥14150,1,￥0,0,￥0,0,￥0,0,￥0,0,￥0,0,￥0,0,￥0,0
004,ひつじにわいん,直営店,20250531,￥49850,6,￥98650,11,￥22550,3,￥24200,2,￥0,0,￥145650,9,￥11200,2,￥25000,2,￥1500,1,￥2550,1,￥0,0,￥0,0,￥0,0,￥0,0,￥0,0,￥0,0,￥0,0
004,ひつじにわいん,直営店,20250601,￥87700,8,￥70400,10,￥0,0,￥24250,3,￥0,0,￥109050,8,￥5850,3,￥0,0,￥11000,1,￥0,0,￥0,0,￥0,0,￥0,0,￥0,0,￥0,0,￥0,0,￥0,0
004,ひつじにわいん,直営店,20250602,￥22250,2,￥13800,1,￥0,0,￥0,0,￥5500,1,￥6500,2,￥0,0,￥0,0,￥11000,1,￥0,0,￥0,0,￥11000,1,￥0,0,￥0,0,￥0,0,￥0,0,￥0,0
004,ひつじにわいん,直営店,20250603,￥25700,3,￥0,0,￥0,0,￥0,0,￥0,0,￥8100,1,￥0,0,￥0,0,￥9000,1,￥0,0,￥0,0,￥0,0,￥0,0,￥0,0,￥0,0,￥0,0,￥0,0
004,ひつじにわいん,直営店,20250604,￥24700,4,￥35980,3,￥750,1,￥27500,2,￥0,0,￥13500,2,￥0,0,￥0,0,￥750,1,￥0,0,￥0,0,￥0,0,￥0,0,￥0,0,￥0,0,￥0,0,￥0,0
004,ひつじにわいん,直営店,20250605,￥23900,4,￥11000,1,￥0,0,￥0,0,￥0,0,￥0,0,￥0,0,￥0,0,￥2600,1,￥0,0,￥0,0,￥0,0,￥0,0,￥0,0,￥0,0,￥0,0,￥0,0
004,ひつじにわいん,直営店,20250606,￥18250,3,￥9300,1,￥0,0,￥27800,3,￥0,0,￥0,0,￥0,0,￥0,0,￥0,0,￥4550,1,￥0,0,￥0,0,￥0,0,￥0,0,￥0,0,￥0,0,￥0,0
004,ひつじにわいん,直営店,20250607,￥36000,4,￥92800,10,￥14700,2,￥5500,1,￥0,0,￥13950,3,￥0,0,￥0,0,￥11750,2,￥0,0,￥0,0,￥0,0,￥0,0,￥0,0,￥0,0,￥0,0,￥0,0
004,ひつじにわいん,直営店,20250608,￥36830,3,￥104500,11,￥1500,1,￥15600,3,￥0,0,￥7800,1,￥11000,1,￥0,0,￥0,0,￥8900,1,￥0,0,￥0,0,￥0,0,￥0,0,￥0,0,￥0,0,￥0,0
004,ひつじにわいん,直営店,20250609,￥39850,5,￥97800,10,￥2500,1,￥3950,2,￥750,1,￥40800,4,￥16450,3,￥0,0,￥2650,1,￥0,0,￥0,0,￥0,0,￥0,0,￥0,0,￥0,0,￥0,0,￥0,0
004,ひつじにわいん,直営店,20250610,￥22850,3,￥57450,7,￥0,0,￥19200,4,￥0,0,￥106300,5,￥0,0,￥0,0,￥0,0,￥0,0,￥0,0,￥0,0,￥0,0,￥0,0,￥0,0,￥0,0,￥0,0
004,ひつじにわいん,直営店,20250611,￥1500,1,￥58850,7,￥0,0,￥13350,2,￥0,0,￥32200,4,￥0,0,￥0,0,￥0,0,￥0,0,￥0,0,￥11550,1,￥0,0,￥0,0,￥0,0,￥0,0,￥0,0
004,ひつじにわいん,直営店,20250612,￥11000,1,￥0,0,￥0,0,￥7250,2,￥0,0,￥2800,1,￥0,0,￥0,0,￥0,0,￥0,0,￥0,0,￥0,0,￥0,0,￥0,0,￥0,0,￥0,0,￥0,0
004,ひつじにわいん,直営店,20250613,￥33200,7,￥74400,6,￥18300,3,￥17600,2,￥0,0,￥42950,5,￥0,0,￥750,1,￥0,0,￥0,0,￥0,0,￥0,0,￥0,0,￥0,0,￥0,0,￥0,0,￥0,0
004,ひつじにわいん,直営店,20250614,￥19650,3,￥76900,13,￥17490,2,￥4100,2,￥1550,1,￥35300,6,￥34900,6,￥0,0,￥12000,2,￥0,0,￥0,0,￥0,0,￥0,0,￥0,0,￥0,0,￥0,0,￥0,0
004,ひつじにわいん,直営店,20250615,￥45700,4,￥41500,6,￥0,0,￥0,0,￥11000,1,￥16700,4,￥11000,1,￥28200,3,￥0,0,￥0,0,￥0,0,￥0,0,￥0,0,￥0,0,￥0,0,￥0,0,￥0,0
004,ひつじにわいん,直営店,20250616,￥0,0,￥34900,5,￥0,0,￥21400,2,￥0,0,￥30100,5,￥3250,1,￥0,0,￥0,0,￥0,0,￥0,0,￥0,0,￥0,0,￥0,0,￥0,0,￥0,0,￥0,0
004,ひつじにわいん,直営店,20250617,￥14370,2,￥78600,8,￥0,0,￥4450,2,￥0,0,￥36050,4,￥16600,1,￥0,0,￥0,0,￥0,0,￥0,0,￥0,0,￥0,0,￥0,0,￥0,0,￥0,0,￥0,0
004,ひつじにわいん,直営店,20250618,￥33650,5,￥57450,8,￥2250,1,￥19650,2,￥0,0,￥44450,2,￥50350,3,￥0,0,￥3750,2,￥0,0,￥0,0,￥0,0,￥0,0,￥0,0,￥0,0,￥0,0,￥0,0
004,ひつじにわいん,直営店,20250619,￥22050,6,￥61550,6,￥2900,2,￥61450,5,￥0,0,￥34100,4,￥18000,2,￥11000,1,￥11500,1,￥0,0,￥0,0,￥0,0,￥0,0,￥0,0,￥0,0,￥0,0,￥0,0
004,ひつじにわいん,直営店,20250620,￥77450,8,￥124750,11,￥1900,1,￥48700,3,￥0,0,￥14150,4,￥0,0,￥0,0,￥3800,3,￥0,0,￥0,0,￥0,0,￥0,0,￥0,0,￥0,0,￥0,0,￥0,0
004,ひつじにわいん,直営店,20250621,￥54550,5,￥132080,12,￥0,0,￥4800,2,￥0,0,￥0,0,￥500,1,￥0,0,￥12390,1,￥0,0,￥0,0,￥0,0,￥0,0,￥0,0,￥0,0,￥0,0,￥0,0
004,ひつじにわいん,直営店,20250622,￥38450,3,￥51150,6,￥0,0,￥22000,2,￥0,0,￥47300,5,￥4350,1,￥0,0,￥12350,2,￥0,0,￥0,0,￥0,0,￥0,0,￥0,0,￥0,0,￥0,0,￥0,0
004,ひつじにわいん,直営店,20250623,￥17950,3,￥29450,5,￥0,0,￥6300,2,￥0,0,￥42500,4,￥0,0,￥0,0,￥0,0,￥0,0,￥0,0,￥0,0,￥0,0,￥0,0,￥0,0,￥0,0,￥0,0
004,ひつじにわいん,直営店,20250624,￥0,0,￥52850,6,￥2250,2,￥0,0,￥5300,1,￥40350,5,￥0,0,￥0,0,￥2050,1,￥0,0,￥0,0,￥0,0,￥0,0,￥0,0,￥0,0,￥0,0,￥0,0
004,ひつじにわいん,直営店,20250625,￥27500,3,￥68090,9,￥3750,2,￥84150,5,￥0,0,￥22200,2,￥14000,2,￥0,0,￥0,0,￥0,0,￥0,0,￥0,0,￥0,0,￥0,0,￥0,0,￥0,0,￥0,0
004,ひつじにわいん,直営店,20250626,￥26100,2,￥0,0,￥0,0,￥22000,2,￥0,0,￥15290,2,￥23500,2,￥0,0,￥11000,1,￥0,0,￥0,0,￥0,0,￥0,0,￥0,0,￥0,0,￥0,0,￥0,0
004,ひつじにわいん,直営店,20250627,￥0,0,￥44650,7,￥6250,2,￥0,0,￥0,0,￥40700,4,￥27500,3,￥0,0,￥0,0,￥0,0,￥0,0,￥14900,1,￥0,0,￥0,0,￥0,0,￥0,0,￥0,0
004,ひつじにわいん,直営店,20250628,￥101100,6,￥194200,16,￥11000,2,￥45910,2,￥0,0,￥119790,12,￥12100,1,￥6350,1,￥18150,1,￥0,0,￥0,0,￥0,0,￥0,0,￥0,0,￥0,0,￥0,0,￥0,0
004,ひつじにわいん,直営店,20250629,￥92090,7,￥72090,7,￥0,0,￥67100,5,￥0,0,￥47900,7,￥9200,1,￥11000,1,￥5700,1,￥0,0,￥0,0,￥0,0,￥0,0,￥0,0,￥0,0,￥0,0,￥0,0
004,ひつじにわいん,直営店,20250630,￥8150,2,￥106350,9,￥1150,1,￥114950,1,￥0,0,￥9350,2,￥2600,1,￥0,0,￥0,0,￥0,0,￥0,0,￥0,0,￥0,0,￥0,0,￥0,0,￥0,0,￥0,0
004,ひつじにわいん,直営店,20250701,￥34650,3,￥98100,11,￥0,0,￥7500,1,￥0,0,￥55950,6,￥39400,3,￥0,0,￥8900,1,￥0,0,￥0,0,￥0,0,￥0,0,￥0,0,￥0,0,￥0,0,￥0,0
004,ひつじにわいん,直営店,20250702,￥0,0,￥58310,5,￥0,0,￥0,0,￥0,0,￥22800,3,￥25080,1,￥0,0,￥0,0,￥0,0,￥0,0,￥0,0,￥0,0,￥0,0,￥0,0,￥0,0,￥0,0
004,ひつじにわいん,直営店,20250703,￥50200,3,￥69100,7,￥6250,2,￥20100,4,￥0,0,￥10800,1,￥27300,3,￥0,0,￥0,0,￥0,0,￥0,0,￥0,0,￥0,0,￥0,0,￥0,0,￥0,0,￥0,0
004,ひつじにわいん,直営店,20250704,￥32800,5,￥101950,8,￥0,0,￥22000,2,￥0,0,￥22000,1,￥0,0,￥0,0,￥750,1,￥12100,1,￥0,0,￥0,0,￥0,0,￥0,0,￥0,0,￥0,0,￥0,0
004,ひつじにわいん,直営店,20250705,￥36100,3,￥203600,18,￥2550,1,￥55850,5,￥8100,2,￥71600,8,￥46200,2,￥11000,1,￥24500,3,￥0,0,￥0,0,￥0,0,￥0,0,￥0,0,￥0,0,￥0,0,￥0,0
004,ひつじにわいん,直営店,20250706,￥38750,4,￥156960,19,￥6250,3,￥23100,3,￥0,0,￥89600,7,￥29150,4,￥0,0,￥19100,2,￥1500,1,￥0,0,￥11000,1,￥0,0,￥0,0,￥0,0,￥0,0,￥0,0
004,ひつじにわいん,直営店,20250707,￥18400,3,￥52650,10,￥10050,3,￥27400,3,￥0,0,￥17600,3,￥11000,1,￥0,0,￥5500,1,￥0,0,￥0,0,￥0,0,￥0,0,￥6500,1,￥0,0,￥0,0,￥0,0
004,ひつじにわいん,直営店,20250708,￥35750,4,￥103450,8,￥5500,1,￥11000,1,￥4250,1,￥44000,4,￥0,0,￥0,0,￥0,0,￥0,0,￥0,0,￥6550,1,￥0,0,￥0,0,￥0,0,￥0,0,￥0,0
004,ひつじにわいん,直営店,20250709,￥26850,3,￥48600,6,￥12500,3,￥0,0,￥0,0,￥54000,5,￥7400,1,￥5500,1,￥8800,1,￥0,0,￥0,0,￥0,0,￥0,0,￥0,0,￥0,0,￥0,0,￥0,0
004,ひつじにわいん,直営店,20250710,￥89680,10,￥111440,8,￥1400,1,￥41750,5,￥12000,1,￥63000,5,￥14150,1,￥0,0,￥0,0,￥0,0,￥0,0,￥7500,1,￥0,0,￥0,0,￥0,0,￥0,0,￥0,0
004,ひつじにわいん,直営店,20250711,￥119400,6,￥74600,6,￥0,0,￥36650,3,￥0,0,￥44000,4,￥16500,1,￥0,0,￥0,0,￥0,0,￥0,0,￥0,0,￥0,0,￥0,0,￥0,0,￥0,0,￥0,0
004,ひつじにわいん,直営店,20250712,￥35200,3,￥212800,17,￥22000,2,￥106350,10,￥0,0,￥122100,7,￥20400,6,￥0,0,￥0,0,￥0,0,￥0,0,￥0,0,￥0,0,￥0,0,￥0,0,￥0,0,￥0,0
004,ひつじにわいん,直営店,20250713,￥95470,7,￥142350,15,￥3000,1,￥22000,2,￥0,0,￥103820,11,￥5500,1,￥4050,2,￥1750,1,￥0,0,￥0,0,￥12300,1,￥0,0,￥0,0,￥0,0,￥0,0,￥0,0
004,ひつじにわいん,直営店,20250714,￥11000,1,￥42900,8,￥8750,1,￥11000,1,￥0,0,￥46400,6,￥0,0,￥0,0,￥38500,1,￥0,0,￥0,0,￥0,0,￥0,0,￥0,0,￥0,0,￥0,0,￥0,0
004,ひつじにわいん,直営店,20250715,￥11000,1,￥96400,9,￥0,0,￥12400,1,￥0,0,￥3750,1,￥0,0,￥0,0,￥0,0,￥0,0,￥0,0,￥0,0,￥0,0,￥0,0,￥0,0,￥0,0,￥0,0
004,ひつじにわいん,直営店,20250716,￥0,0,￥35900,4,￥1500,1,￥73350,3,￥0,0,￥60300,3,￥800,1,￥0,0,￥11500,1,￥0,0,￥0,0,￥0,0,￥0,0,￥0,0,￥0,0,￥0,0,￥0,0
004,ひつじにわいん,直営店,20250717,￥53850,3,￥38400,7,￥0,0,￥49700,4,￥0,0,￥95900,6,￥10250,1,￥30250,1,￥3500,1,￥0,0,￥0,0,￥0,0,￥0,0,￥0,0,￥0,0,￥0,0,￥0,0
004,ひつじにわいん,直営店,20250718,￥23050,2,￥82400,8,￥0,0,￥31150,3,￥0,0,￥136400,7,￥0,0,￥16500,1,￥0,0,￥0,0,￥0,0,￥0,0,￥33000,1,￥0,0,￥0,0,￥0,0,￥0,0
004,ひつじにわいん,直営店,20250719,￥52250,3,￥133760,12,￥1750,1,￥58080,4,￥0,0,￥58750,5,￥0,0,￥25850,2,￥26000,3,￥0,0,￥0,0,￥0,0,￥0,0,￥0,0,￥0,0,￥0,0,￥0,0
004,ひつじにわいん,直営店,20250720,￥117400,10,￥261890,23,￥750,1,￥1350,1,￥0,0,￥49840,5,￥14800,2,￥0,0,￥25600,4,￥0,0,￥0,0,￥0,0,￥0,0,￥0,0,￥0,0,￥0,0,￥0,0
004,ひつじにわいん,直営店,20250721,￥9900,3,￥97450,14,￥2250,1,￥3100,1,￥0,0,￥32050,4,￥0,0,￥12540,1,￥35310,2,￥0,0,￥0,0,￥11000,1,￥40550,2,￥0,0,￥0,0,￥0,0,￥0,0
004,ひつじにわいん,直営店,20250722,￥43000,2,￥74950,8,￥1600,1,￥0,0,￥12300,1,￥2600,1,￥0,0,￥0,0,￥24200,2,￥0,0,￥0,0,￥0,0,￥0,0,￥0,0,￥0,0,￥0,0,￥0,0
004,ひつじにわいん,直営店,20250723,￥19550,3,￥90000,7,￥1350,1,￥25000,3,￥1500,1,￥66000,3,￥0,0,￥0,0,￥0,0,￥0,0,￥0,0,￥0,0,￥10000,1,￥0,0,￥0,0,￥0,0,￥0,0
004,ひつじにわいん,直営店,20250724,￥49500,3,￥126300,13,￥32300,3,￥122100,4,￥0,0,￥0,0,￥0,0,￥0,0,￥2000,1,￥0,0,￥0,0,￥0,0,￥0,0,￥0,0,￥0,0,￥0,0,￥0,0
004,ひつじにわいん,直営店,20250725,￥49900,5,￥44800,6,￥1850,1,￥27900,3,￥0,0,￥108950,4,￥1500,1,￥0,0,￥2800,1,￥0,0,￥0,0,￥0,0,￥0,0,￥750,1,￥0,0,￥0,0,￥0,0
004,ひつじにわいん,直営店,20250726,￥159300,7,￥151680,11,￥15900,2,￥19500,2,￥0,0,￥62700,4,￥0,0,￥0,0,￥7650,2,￥0,0,￥0,0,￥0,0,￥0,0,￥0,0,￥0,0,￥0,0,￥0,0
004,ひつじにわいん,直営店,20250727,￥8350,3,￥154150,13,￥13600,2,￥74880,6,￥750,1,￥100850,5,￥18800,1,￥1500,1,￥19200,3,￥0,0,￥0,0,￥0,0,￥0,0,￥0,0,￥0,0,￥0,0,￥0,0
004,ひつじにわいん,直営店,20250728,￥0,0,￥76000,6,￥0,0,￥12100,1,￥0,0,￥63250,4,￥0,0,￥0,0,￥0,0,￥0,0,￥0,0,￥23100,2,￥0,0,￥0,0,￥0,0,￥0,0,￥0,0
004,ひつじにわいん,直営店,20250729,￥6550,1,￥134340,12,￥0,0,￥11000,1,￥0,0,￥34800,4,￥10650,2,￥5500,1,￥0,0,￥0,0,￥0,0,￥17700,2,￥0,0,￥0,0,￥0,0,￥0,0,￥0,0
004,ひつじにわいん,直営店,20250730,￥16500,1,￥59200,9,￥0,0,￥2250,1,￥0,0,￥22500,2,￥0,0,￥0,0,￥8000,2,￥750,1,￥0,0,￥8750,1,￥0,0,￥0,0,￥0,0,￥0,0,￥0,0
004,ひつじにわいん,直営店,20250731,￥14100,2,￥34940,4,￥0,0,￥10300,2,￥0,0,￥88000,3,￥0,0,￥0,0,￥0,0,￥0,0,￥0,0,￥750,1,￥0,0,￥0,0,￥0,0,￥0,0,￥0,0
005,THE JEWELS,直営店,20250501,￥1650,2,￥30860,18,￥4650,6,￥1150,1,￥0,0,￥32950,3,￥0,0,￥1100,1,￥900,1,￥0,0,￥1300,2,￥0,0,￥1700,2,￥0,0,￥0,0,￥0,0,￥0,0
005,THE JEWELS,直営店,20250502,￥550,1,￥2650,4,￥18150,2,￥0,0,￥0,0,￥29400,1,￥1100,2,￥0,0,￥0,0,￥0,0,￥0,0,￥0,0,￥0,0,￥0,0,￥0,0,￥0,0,￥0,0
005,THE JEWELS,直営店,20250503,￥58810,9,￥58610,12,￥8750,11,￥3900,4,￥0,0,￥500,1,￥1600,3,￥400,1,￥750,1,￥0,0,￥0,0,￥2850,2,￥0,0,￥0,0,￥0,0,￥0,0,￥0,0
005,THE JEWELS,直営店,20250504,￥4100,3,￥15020,15,￥4320,4,￥5650,4,￥0,0,￥0,0,￥0,0,￥0,0,￥0,0,￥0,0,￥0,0,￥0,0,￥6500,4,￥0,0,￥0,0,￥0,0,￥0,0
005,THE JEWELS,直営店,20250505,￥7270,8,￥69900,33,￥8940,13,￥47140,4,￥0,0,￥3100,4,￥1250,2,￥800,2,￥2650,2,￥670,1,￥0,0,￥0,0,￥0,0,￥0,0,￥0,0,￥0,0,￥0,0
005,THE JEWELS,直営店,20250506,￥18210,4,￥38670,12,￥2550,3,￥3550,2,￥0,0,￥30980,8,￥1800,1,￥0,0,￥6450,3,￥1250,1,￥0,0,￥550,1,￥31650,4,￥0,0,￥0,0,￥0,0,￥0,0
005,THE JEWELS,直営店,20250507,￥1100,1,￥48250,8,￥520,1,￥0,0,￥950,1,￥1100,1,￥700,1,￥0,0,￥0,0,￥0,0,￥0,0,￥800,1,￥0,0,￥0,0,￥0,0,￥0,0,￥0,0
005,THE JEWELS,直営店,20250508,￥1200,1,￥26880,10,￥1650,2,￥0,0,￥0,0,￥1300,2,￥0,0,￥0,0,￥1350,2,￥0,0,￥0,0,￥770,1,￥120,1,￥0,0,￥0,0,￥0,0,￥0,0
005,THE JEWELS,直営店,20250509,￥10580,3,￥36170,8,￥2250,2,￥750,1,￥0,0,￥0,0,￥0,0,￥0,0,￥0,0,￥0,0,￥350,1,￥0,0,￥0,0,￥0,0,￥0,0,￥0,0,￥0,0
005,THE JEWELS,直営店,20250510,￥11950,4,￥6700,2,￥0,0,￥11110,1,￥0,0,￥28710,2,￥0,0,￥0,0,￥0,0,￥0,0,￥0,0,￥0,0,￥0,0,￥0,0,￥0,0,￥0,0,￥0,0
005,THE JEWELS,直営店,20250511,￥1650,2,￥10482,7,￥1800,4,￥14090,6,￥0,0,￥10640,5,￥0,0,￥0,0,￥0,0,￥1900,1,￥0,0,￥19000,1,￥0,0,￥0,0,￥0,0,￥0,0,￥0,0
005,THE JEWELS,直営店,20250512,￥39400,8,￥26000,17,￥7050,10,￥2500,2,￥0,0,￥750,1,￥2950,4,￥1500,2,￥0,0,￥0,0,￥0,0,￥20110,1,￥0,0,￥0,0,￥0,0,￥0,0,￥0,0
005,THE JEWELS,直営店,20250513,￥850,1,￥9450,12,￥0,0,￥4400,3,￥0,0,￥23230,1,￥4850,6,￥0,0,￥900,1,￥0,0,￥0,0,￥0,0,￥0,0,￥0,0,￥0,0,￥0,0,￥0,0
005,THE JEWELS,直営店,20250514,￥0,0,￥31470,9,￥0,0,￥16860,2,￥0,0,￥1300,1,￥0,0,￥0,0,￥900,1,￥0,0,￥0,0,￥0,0,￥0,0,￥0,0,￥0,0,￥0,0,￥0,0
005,THE JEWELS,直営店,20250515,￥70980,4,￥10400,6,￥1600,2,￥120,1,￥600,1,￥4050,4,￥28650,1,￥350,1,￥0,0,￥350,1,￥0,0,￥0,0,￥0,0,￥0,0,￥0,0,￥0,0,￥0,0
005,THE JEWELS,直営店,20250516,￥5400,6,￥20350,16,￥3750,5,￥55680,4,￥0,0,￥1950,2,￥1100,1,￥0,0,￥1600,2,￥550,1,￥0,0,￥350,1,￥1100,1,￥0,0,￥0,0,￥0,0,￥0,0
005,THE JEWELS,直営店,20250517,￥38470,4,￥38270,7,￥3050,4,￥750,1,￥0,0,￥3200,3,￥29200,2,￥0,0,￥0,0,￥0,0,￥0,0,￥0,0,￥0,0,￥0,0,￥0,0,￥0,0,￥0,0
005,THE JEWELS,直営店,20250518,￥44340,3,￥39500,8,￥5050,8,￥1100,2,￥0,0,￥40200,6,￥1450,2,￥0,0,￥2250,1,￥0,0,￥0,0,￥0,0,￥1650,1,￥0,0,￥0,0,￥0,0,￥0,0
005,THE JEWELS,直営店,20250519,￥0,0,￥11190,17,￥1700,3,￥900,1,￥800,1,￥2900,3,￥900,1,￥0,0,￥0,0,￥0,0,￥0,0,￥0,0,￥0,0,￥0,0,￥0,0,￥0,0,￥0,0
005,THE JEWELS,直営店,20250520,￥950,1,￥7220,8,￥5900,5,￥550,1,￥0,0,￥0,0,￥550,1,￥0,0,￥850,1,￥950,2,￥0,0,￥0,0,￥0,0,￥0,0,￥0,0,￥0,0,￥0,0
005,THE JEWELS,直営店,20250521,￥1100,2,￥6050,8,￥1100,2,￥950,1,￥0,0,￥0,0,￥850,1,￥1500,2,￥0,0,￥500,1,￥0,0,￥0,0,￥0,0,￥0,0,￥0,0,￥0,0,￥0,0
005,THE JEWELS,直営店,20250522,￥0,0,￥39240,4,￥0,0,￥20510,1,￥0,0,￥0,0,￥0,0,￥0,0,￥0,0,￥0,0,￥0,0,￥0,0,￥0,0,￥0,0,￥0,0,￥0,0,￥0,0
005,THE JEWELS,直営店,20250523,￥28210,3,￥7300,9,￥4450,7,￥0,0,￥0,0,￥6200,2,￥300,1,￥0,0,￥0,0,￥0,0,￥0,0,￥0,0,￥0,0,￥0,0,￥0,0,￥0,0,￥0,0
005,THE JEWELS,直営店,20250524,￥24820,8,￥37410,27,￥3700,5,￥1800,3,￥2700,1,￥2550,3,￥1650,2,￥400,1,￥2900,4,￥0,0,￥0,0,￥700,1,￥0,0,￥0,0,￥0,0,￥0,0,￥0,0
005,THE JEWELS,直営店,20250525,￥1100,1,￥1300,3,￥0,0,￥0,0,￥0,0,￥0,0,￥0,0,￥0,0,￥0,0,￥0,0,￥0,0,￥0,0,￥0,0,￥0,0,￥0,0,￥0,0,￥0,0
005,THE JEWELS,直営店,20250526,￥3150,3,￥4400,4,￥550,1,￥2000,2,￥0,0,￥850,1,￥0,0,￥0,0,￥0,0,￥0,0,￥0,0,￥0,0,￥0,0,￥0,0,￥0,0,￥0,0,￥0,0
005,THE JEWELS,直営店,20250527,￥9570,1,￥4550,5,￥3670,6,￥2750,4,￥0,0,￥500,1,￥13300,2,￥0,0,￥950,1,￥0,0,￥0,0,￥0,0,￥0,0,￥0,0,￥0,0,￥0,0,￥0,0
005,THE JEWELS,直営店,20250528,￥2150,3,￥9450,14,￥3250,5,￥18150,2,￥0,0,￥700,1,￥2600,2,￥0,0,￥550,1,￥1100,1,￥0,0,￥850,1,￥0,0,￥0,0,￥0,0,￥0,0,￥0,0
005,THE JEWELS,直営店,20250529,￥550,1,￥8670,10,￥5050,5,￥0,0,￥0,0,￥1300,2,￥0,0,￥0,0,￥300,1,￥400,1,￥0,0,￥0,0,￥0,0,￥0,0,￥0,0,￥0,0,￥0,0
005,THE JEWELS,直営店,20250530,￥38750,3,￥24740,9,￥2350,3,￥550,1,￥0,0,￥550,1,￥550,1,￥1000,1,￥0,0,￥350,1,￥0,0,￥0,0,￥0,0,￥0,0,￥0,0,￥0,0,￥0,0
005,THE JEWELS,直営店,20250531,￥6100,4,￥76080,26,￥8450,9,￥13200,9,￥0,0,￥3850,6,￥1650,3,￥350,1,￥4750,3,￥0,0,￥0,0,￥500,1,￥0,0,￥0,0,￥0,0,￥0,0,￥0,0
005,THE JEWELS,直営店,20250601,￥22920,15,￥52100,33,￥3150,5,￥3850,4,￥0,0,￥9350,8,￥6750,6,￥0,0,￥4000,5,￥0,0,￥0,0,￥1100,1,￥29850,1,￥0,0,￥0,0,￥0,0,￥0,0
005,THE JEWELS,直営店,20250602,￥1950,2,￥27950,8,￥3800,5,￥5100,2,￥0,0,￥0,0,￥0,0,￥0,0,￥0,0,￥0,0,￥0,0,￥0,0,￥0,0,￥0,0,￥0,0,￥0,0,￥0,0
005,THE JEWELS,直営店,20250603,￥0,0,￥3050,5,￥2500,3,￥750,1,￥0,0,￥0,0,￥0,0,￥0,0,￥350,1,￥0,0,￥0,0,￥1000,1,￥500,1,￥0,0,￥0,0,￥0,0,￥0,0
005,THE JEWELS,直営店,20250604,￥31460,1,￥1550,3,￥350,1,￥0,0,￥0,0,￥2700,1,￥950,1,￥0,0,￥0,0,￥0,0,￥0,0,￥850,1,￥0,0,￥0,0,￥0,0,￥0,0,￥0,0
005,THE JEWELS,直営店,20250605,￥2100,3,￥5220,7,￥2050,2,￥500,1,￥0,0,￥0,0,￥550,1,￥0,0,￥0,0,￥0,0,￥0,0,￥0,0,￥0,0,￥0,0,￥0,0,￥0,0,￥0,0
005,THE JEWELS,直営店,20250606,￥3400,3,￥93280,15,￥3250,4,￥21820,2,￥0,0,￥1000,2,￥900,1,￥0,0,￥550,1,￥550,1,￥0,0,￥0,0,￥0,0,￥0,0,￥0,0,￥0,0,￥0,0
005,THE JEWELS,直営店,20250607,￥17060,3,￥7900,10,￥750,2,￥3050,2,￥0,0,￥28260,4,￥600,1,￥0,0,￥1300,1,￥0,0,￥0,0,￥0,0,￥0,0,￥0,0,￥0,0,￥0,0,￥0,0
005,THE JEWELS,直営店,20250608,￥4800,4,￥20350,21,￥5850,6,￥3250,3,￥3850,2,￥3400,4,￥4150,7,￥0,0,￥6300,6,￥1000,1,￥0,0,￥0,0,￥0,0,￥0,0,￥0,0,￥0,0,￥0,0
005,THE JEWELS,直営店,20250609,￥1100,2,￥67110,12,￥5400,5,￥44570,4,￥0,0,￥0,0,￥1550,2,￥0,0,￥0,0,￥0,0,￥0,0,￥0,0,￥0,0,￥0,0,￥800,1,￥0,0,￥0,0
005,THE JEWELS,直営店,20250610,￥500,1,￥7400,8,￥970,1,￥550,1,￥0,0,￥1050,2,￥1050,1,￥550,1,￥0,0,￥550,1,￥0,0,￥0,0,￥0,0,￥0,0,￥0,0,￥0,0,￥0,0
005,THE JEWELS,直営店,20250611,￥500,1,￥22230,5,￥1100,2,￥19940,2,￥0,0,￥0,0,￥1050,1,￥0,0,￥0,0,￥0,0,￥0,0,￥0,0,￥0,0,￥0,0,￥0,0,￥0,0,￥0,0
005,THE JEWELS,直営店,20250612,￥0,0,￥2700,5,￥0,0,￥24150,1,￥0,0,￥0,0,￥1050,2,￥0,0,￥0,0,￥0,0,￥0,0,￥1450,1,￥850,1,￥0,0,￥0,0,￥0,0,￥0,0
005,THE JEWELS,直営店,20250613,￥2350,4,￥2750,5,￥2400,3,￥550,1,￥0,0,￥0,0,￥0,0,￥0,0,￥2000,1,￥0,0,￥0,0,￥2700,2,￥0,0,￥0,0,￥0,0,￥0,0,￥0,0
005,THE JEWELS,直営店,20250614,￥3300,4,￥38140,25,￥8100,8,￥3250,2,￥0,0,￥8550,5,￥5300,3,￥0,0,￥3650,2,￥0,0,￥0,0,￥1550,2,￥3150,3,￥0,0,￥0,0,￥0,0,￥0,0
005,THE JEWELS,直営店,20250615,￥30250,6,￥19050,19,￥2700,5,￥3400,4,￥0,0,￥28380,4,￥3800,4,￥550,1,￥700,1,￥1000,2,￥0,0,￥0,0,￥0,0,￥0,0,￥29110,1,￥0,0,￥0,0
005,THE JEWELS,直営店,20250616,￥2400,4,￥52350,5,￥2500,5,￥0,0,￥1800,1,￥0,0,￥2200,3,￥0,0,￥900,1,￥0,0,￥0,0,￥0,0,￥0,0,￥0,0,￥0,0,￥0,0,￥0,0
005,THE JEWELS,直営店,20250617,￥550,1,￥5400,6,￥3350,4,￥1950,3,￥0,0,￥0,0,￥0,0,￥0,0,￥0,0,￥0,0,￥0,0,￥0,0,￥0,0,￥0,0,￥0,0,￥0,0,￥0,0
005,THE JEWELS,直営店,20250618,￥6300,5,￥6350,9,￥2850,2,￥1270,2,￥0,0,￥2500,5,￥1350,2,￥950,1,￥0,0,￥0,0,￥0,0,￥0,0,￥1050,2,￥0,0,￥0,0,￥0,0,￥0,0
005,THE JEWELS,直営店,20250619,￥3850,4,￥6500,7,￥4850,5,￥500,1,￥0,0,￥0,0,￥550,1,￥0,0,￥1250,1,￥0,0,￥0,0,￥1550,1,￥1100,1,￥0,0,￥32800,1,￥0,0,￥0,0
005,THE JEWELS,直営店,20250620,￥5940,5,￥16820,10,￥1150,2,￥1650,2,￥0,0,￥2050,2,￥350,1,￥0,0,￥1050,2,￥550,1,￥0,0,￥1100,1,￥0,0,￥0,0,￥0,0,￥0,0,￥0,0
005,THE JEWELS,直営店,20250621,￥2550,3,￥18550,7,￥1250,2,￥27490,4,￥0,0,￥20190,3,￥0,0,￥0,0,￥1450,2,￥0,0,￥0,0,￥0,0,￥550,1,￥0,0,￥0,0,￥0,0,￥0,0
005,THE JEWELS,直営店,20250622,￥15710,3,￥12880,8,￥10710,9,￥0,0,￥0,0,￥10730,7,￥5020,4,￥0,0,￥0,0,￥0,0,￥0,0,￥0,0,￥1500,1,￥0,0,￥0,0,￥0,0,￥0,0
005,THE JEWELS,直営店,20250623,￥32400,4,￥4090,8,￥4900,4,￥1400,1,￥0,0,￥950,1,￥0,0,￥0,0,￥1650,2,￥0,0,￥0,0,￥2200,2,￥0,0,￥0,0,￥0,0,￥0,0,￥0,0
005,THE JEWELS,直営店,20250624,￥0,0,￥21600,8,￥4650,5,￥1100,1,￥0,0,￥0,0,￥19050,3,￥0,0,￥0,0,￥0,0,￥0,0,￥0,0,￥0,0,￥0,0,￥0,0,￥0,0,￥0,0
005,THE JEWELS,直営店,20250625,￥1800,1,￥8970,12,￥4850,5,￥1700,1,￥3050,3,￥1600,3,￥0,0,￥0,0,￥550,1,￥0,0,￥0,0,￥0,0,￥750,1,￥0,0,￥0,0,￥0,0,￥0,0
005,THE JEWELS,直営店,20250626,￥800,1,￥6020,9,￥3500,5,￥0,0,￥0,0,￥0,0,￥0,0,￥0,0,￥670,1,￥0,0,￥0,0,￥27920,1,￥0,0,￥0,0,￥0,0,￥0,0,￥0,0
005,THE JEWELS,直営店,20250627,￥0,0,￥1850,1,￥1550,3,￥19450,1,￥0,0,￥800,1,￥0,0,￥400,1,￥0,0,￥0,0,￥0,0,￥0,0,￥0,0,￥0,0,￥0,0,￥0,0,￥0,0
005,THE JEWELS,直営店,20250628,￥1400,1,￥13700,15,￥4300,5,￥1400,2,￥500,1,￥4900,5,￥14430,4,￥550,1,￥4900,4,￥550,1,￥0,0,￥0,0,￥22110,1,￥0,0,￥0,0,￥0,0,￥0,0
005,THE JEWELS,直営店,20250629,￥21970,5,￥72600,27,￥6250,9,￥4350,2,￥550,1,￥5800,5,￥3150,3,￥1050,1,￥2100,2,￥1500,1,￥0,0,￥1000,1,￥1600,2,￥0,0,￥0,0,￥0,0,￥0,0
005,THE JEWELS,直営店,20250630,￥2400,3,￥23660,5,￥1600,2,￥2700,3,￥0,0,￥1000,1,￥1300,1,￥0,0,￥0,0,￥1050,1,￥0,0,￥0,0,￥4440,6,￥0,0,￥0,0,￥0,0,￥0,0
005,THE JEWELS,直営店,20250701,￥33000,1,￥6150,9,￥1950,3,￥45120,2,￥0,0,￥0,0,￥0,0,￥0,0,￥0,0,￥0,0,￥0,0,￥0,0,￥550,1,￥0,0,￥23100,1,￥0,0,￥0,0
005,THE JEWELS,直営店,20250702,￥0,0,￥7500,8,￥950,2,￥0,0,￥0,0,￥0,0,￥0,0,￥550,1,￥0,0,￥0,0,￥0,0,￥0,0,￥0,0,￥0,0,￥0,0,￥0,0,￥0,0
005,THE JEWELS,直営店,20250703,￥1750,2,￥8370,11,￥4820,3,￥500,1,￥0,0,￥0,0,￥0,0,￥350,1,￥0,0,￥0,0,￥0,0,￥0,0,￥0,0,￥0,0,￥0,0,￥0,0,￥0,0
005,THE JEWELS,直営店,20250704,￥950,1,￥17380,6,￥1800,3,￥500,1,￥0,0,￥2850,2,￥0,0,￥0,0,￥0,0,￥0,0,￥0,0,￥0,0,￥0,0,￥0,0,￥30930,1,￥0,0,￥0,0
005,THE JEWELS,直営店,20250705,￥3052,2,￥22976,17,￥4900,8,￥5050,6,￥0,0,￥7870,6,￥0,0,￥1300,1,￥0,0,￥500,1,￥0,0,￥350,1,￥0,0,￥0,0,￥0,0,￥0,0,￥0,0
005,THE JEWELS,直営店,20250706,￥36620,5,￥54080,13,￥4650,6,￥2300,3,￥0,0,￥62730,6,￥0,0,￥0,0,￥1100,1,￥750,1,￥0,0,￥0,0,￥500,1,￥0,0,￥24200,1,￥0,0,￥0,0
005,THE JEWELS,直営店,20250707,￥21180,4,￥13390,13,￥5800,7,￥550,1,￥0,0,￥950,2,￥0,0,￥1300,2,￥0,0,￥0,0,￥0,0,￥0,0,￥2490,1,￥0,0,￥0,0,￥0,0,￥0,0
005,THE JEWELS,直営店,20250708,￥42130,4,￥9050,11,￥950,1,￥19110,2,￥0,0,￥34500,1,￥750,1,￥0,0,￥1400,1,￥0,0,￥0,0,￥0,0,￥2800,3,￥0,0,￥0,0,￥0,0,￥0,0
005,THE JEWELS,直営店,20250709,￥550,1,￥5500,8,￥5000,3,￥550,1,￥0,0,￥4790,3,￥550,1,￥0,0,￥0,0,￥500,1,￥0,0,￥0,0,￥0,0,￥0,0,￥0,0,￥0,0,￥0,0
005,THE JEWELS,直営店,20250710,￥0,0,￥7350,8,￥5950,7,￥0,0,￥0,0,￥0,0,￥550,1,￥0,0,￥0,0,￥0,0,￥0,0,￥0,0,￥0,0,￥0,0,￥0,0,￥0,0,￥0,0
005,THE JEWELS,直営店,20250711,￥3200,4,￥11250,10,￥4000,5,￥0,0,￥0,0,￥4950,5,￥0,0,￥0,0,￥0,0,￥0,0,￥0,0,￥0,0,￥0,0,￥0,0,￥0,0,￥0,0,￥0,0
005,THE JEWELS,直営店,20250712,￥12980,5,￥70240,27,￥6050,8,￥3350,5,￥0,0,￥14420,11,￥2050,3,￥0,0,￥27660,1,￥550,1,￥0,0,￥550,1,￥0,0,￥0,0,￥0,0,￥0,0,￥0,0
005,THE JEWELS,直営店,20250713,￥7370,5,￥29330,24,￥9650,9,￥4700,5,￥0,0,￥22900,9,￥2500,3,￥550,1,￥550,1,￥1100,1,￥0,0,￥1350,2,￥0,0,￥0,0,￥0,0,￥0,0,￥0,0
005,THE JEWELS,直営店,20250714,￥350,1,￥3450,5,￥3250,5,￥0,0,￥0,0,￥1200,1,￥0,0,￥0,0,￥0,0,￥600,1,￥0,0,￥1590,1,￥0,0,￥0,0,￥0,0,￥0,0,￥0,0
005,THE JEWELS,直営店,20250715,￥0,0,￥1200,2,￥850,1,￥0,0,￥0,0,￥0,0,￥750,2,￥0,0,￥0,0,￥0,0,￥0,0,￥0,0,￥0,0,￥0,0,￥47740,2,￥0,0,￥0,0
005,THE JEWELS,直営店,20250716,￥61620,2,￥31190,10,￥1400,3,￥0,0,￥0,0,￥700,2,￥0,0,￥2400,1,￥0,0,￥0,0,￥0,0,￥0,0,￥0,0,￥0,0,￥0,0,￥0,0,￥0,0
005,THE JEWELS,直営店,20250717,￥0,0,￥5250,4,￥5800,4,￥0,0,￥0,0,￥1500,2,￥1650,2,￥0,0,￥0,0,￥0,0,￥0,0,￥0,0,￥1100,2,￥0,0,￥0,0,￥0,0,￥0,0
005,THE JEWELS,直営店,20250718,￥0,0,￥0,0,￥1850,1,￥0,0,￥0,0,￥1550,1,￥0,0,￥0,0,￥2200,2,￥0,0,￥0,0,￥0,0,￥1100,1,￥0,0,￥0,0,￥0,0,￥0,0
005,THE JEWELS,直営店,20250719,￥550,1,￥23630,5,￥9750,7,￥1800,2,￥0,0,￥2850,3,￥1600,2,￥0,0,￥0,0,￥0,0,￥0,0,￥3900,2,￥0,0,￥0,0,￥0,0,￥0,0,￥0,0
005,THE JEWELS,直営店,20250720,￥7000,4,￥14150,15,￥4250,3,￥800,1,￥0,0,￥920,2,￥0,0,￥500,1,￥1950,1,￥0,0,￥800,1,￥550,1,￥0,0,￥0,0,￥0,0,￥0,0,￥0,0
005,THE JEWELS,直営店,20250721,￥18260,1,￥0,0,￥0,0,￥0,0,￥0,0,￥20770,1,￥0,0,￥0,0,￥0,0,￥0,0,￥0,0,￥0,0,￥0,0,￥0,0,￥0,0,￥0,0,￥0,0
005,THE JEWELS,直営店,20250722,￥17510,1,￥28920,1,￥0,0,￥0,0,￥0,0,￥0,0,￥0,0,￥0,0,￥0,0,￥0,0,￥0,0,￥0,0,￥33010,1,￥0,0,￥29100,1,￥0,0,￥0,0
005,THE JEWELS,直営店,20250723,￥42880,1,￥0,0,￥0,0,￥0,0,￥0,0,￥0,0,￥0,0,￥0,0,￥0,0,￥0,0,￥0,0,￥0,0,￥0,0,￥0,0,￥0,0,￥0,0,￥0,0
005,THE JEWELS,直営店,20250724,￥0,0,￥0,0,￥0,0,￥31940,1,￥0,0,￥0,0,￥0,0,￥0,0,￥0,0,￥0,0,￥0,0,￥0,0,￥0,0,￥0,0,￥0,0,￥0,0,￥0,0
005,THE JEWELS,直営店,20250725,￥20600,1,￥42020,2,￥0,0,￥0,0,￥0,0,￥0,0,￥0,0,￥0,0,￥0,0,￥0,0,￥0,0,￥0,0,￥0,0,￥0,0,￥0,0,￥0,0,￥0,0
005,THE JEWELS,直営店,20250726,￥15950,1,￥148100,6,￥0,0,￥18940,1,￥0,0,￥0,0,￥0,0,￥0,0,￥0,0,￥0,0,￥0,0,￥0,0,￥0,0,￥0,0,￥0,0,￥0,0,￥0,0
005,THE JEWELS,直営店,20250727,￥0,0,￥65170,2,￥0,0,￥0,0,￥0,0,￥0,0,￥0,0,￥0,0,￥9900,1,￥0,0,￥0,0,￥0,0,￥0,0,￥0,0,￥0,0,￥0,0,￥0,0
005,THE JEWELS,直営店,20250728,￥0,0,￥28600,2,￥0,0,￥64040,2,￥0,0,￥0,0,￥0,0,￥0,0,￥0,0,￥0,0,￥0,0,￥0,0,￥0,0,￥0,0,￥28200,1,￥0,0,￥0,0
005,THE JEWELS,直営店,20250729,￥0,0,￥28050,1,￥0,0,￥0,0,￥0,0,￥0,0,￥0,0,￥0,0,￥0,0,￥0,0,￥0,0,￥0,0,￥0,0,￥0,0,￥0,0,￥0,0,￥0,0
005,THE JEWELS,直営店,20250730,￥1950,3,￥44640,11,￥2700,4,￥0,0,￥0,0,￥1400,1,￥800,1,￥0,0,￥0,0,￥0,0,￥0,0,￥5650,3,￥0,0,￥0,0,￥0,0,￥0,0,￥0,0
005,THE JEWELS,直営店,20250731,￥3200,3,￥6450,5,￥1050,2,￥36700,1,￥0,0,￥2000,1,￥1600,2,￥0,0,￥0,0,￥0,0,￥0,0,￥0,0,￥0,0,￥0,0,￥4000,1,￥0,0,￥0,0
006,LA BRIQUE SAPPORO Akarenga Terrace,直営店,20250501,￥0,0,￥0,0,￥0,0,￥0,0,￥0,0,￥0,0,￥0,0,￥0,0,￥0,0,￥0,0,￥0,0,￥0,0,￥0,0,￥0,0,￥0,0,￥0,0,￥0,0
006,LA BRIQUE SAPPORO Akarenga Terrace,直営店,20250502,￥0,0,￥0,0,￥0,0,￥0,0,￥0,0,￥0,0,￥0,0,￥0,0,￥0,0,￥0,0,￥0,0,￥0,0,￥0,0,￥0,0,￥0,0,￥0,0,￥0,0
006,LA BRIQUE SAPPORO Akarenga Terrace,直営店,20250503,￥0,0,￥0,0,￥0,0,￥0,0,￥0,0,￥0,0,￥0,0,￥0,0,￥0,0,￥0,0,￥0,0,￥0,0,￥0,0,￥0,0,￥0,0,￥0,0,￥0,0
006,LA BRIQUE SAPPORO Akarenga Terrace,直営店,20250504,￥0,0,￥0,0,￥0,0,￥0,0,￥0,0,￥0,0,￥0,0,￥0,0,￥0,0,￥0,0,￥0,0,￥0,0,￥0,0,￥0,0,￥0,0,￥0,0,￥0,0
006,LA BRIQUE SAPPORO Akarenga Terrace,直営店,20250505,￥0,0,￥0,0,￥0,0,￥0,0,￥0,0,￥0,0,￥0,0,￥0,0,￥0,0,￥0,0,￥0,0,￥0,0,￥0,0,￥0,0,￥0,0,￥0,0,￥0,0
006,LA BRIQUE SAPPORO Akarenga Terrace,直営店,20250506,￥0,0,￥0,0,￥0,0,￥0,0,￥0,0,￥0,0,￥0,0,￥0,0,￥0,0,￥0,0,￥0,0,￥0,0,￥0,0,￥0,0,￥0,0,￥0,0,￥0,0
006,LA BRIQUE SAPPORO Akarenga Terrace,直営店,20250507,￥0,0,￥0,0,￥0,0,￥0,0,￥0,0,￥0,0,￥0,0,￥0,0,￥0,0,￥0,0,￥0,0,￥0,0,￥0,0,￥0,0,￥0,0,￥0,0,￥0,0
006,LA BRIQUE SAPPORO Akarenga Terrace,直営店,20250508,￥0,0,￥0,0,￥0,0,￥0,0,￥0,0,￥0,0,￥0,0,￥0,0,￥0,0,￥0,0,￥0,0,￥0,0,￥0,0,￥0,0,￥0,0,￥0,0,￥0,0
006,LA BRIQUE SAPPORO Akarenga Terrace,直営店,20250509,￥0,0,￥0,0,￥0,0,￥0,0,￥0,0,￥0,0,￥0,0,￥0,0,￥0,0,￥0,0,￥0,0,￥0,0,￥0,0,￥0,0,￥0,0,￥0,0,￥0,0
006,LA BRIQUE SAPPORO Akarenga Terrace,直営店,20250510,￥0,0,￥0,0,￥0,0,￥0,0,￥0,0,￥0,0,￥0,0,￥0,0,￥0,0,￥0,0,￥0,0,￥0,0,￥0,0,￥0,0,￥0,0,￥0,0,￥0,0
006,LA BRIQUE SAPPORO Akarenga Terrace,直営店,20250511,￥0,0,￥0,0,￥0,0,￥0,0,￥0,0,￥0,0,￥0,0,￥0,0,￥0,0,￥0,0,￥0,0,￥0,0,￥0,0,￥0,0,￥0,0,￥0,0,￥0,0
006,LA BRIQUE SAPPORO Akarenga Terrace,直営店,20250512,￥0,0,￥0,0,￥0,0,￥0,0,￥0,0,￥0,0,￥0,0,￥0,0,￥0,0,￥0,0,￥0,0,￥0,0,￥0,0,￥0,0,￥0,0,￥0,0,￥0,0
006,LA BRIQUE SAPPORO Akarenga Terrace,直営店,20250513,￥0,0,￥0,0,￥0,0,￥0,0,￥0,0,￥0,0,￥0,0,￥0,0,￥0,0,￥0,0,￥0,0,￥0,0,￥0,0,￥0,0,￥0,0,￥0,0,￥0,0
006,LA BRIQUE SAPPORO Akarenga Terrace,直営店,20250514,￥0,0,￥0,0,￥0,0,￥0,0,￥0,0,￥0,0,￥0,0,￥0,0,￥0,0,￥0,0,￥0,0,￥0,0,￥0,0,￥0,0,￥0,0,￥0,0,￥0,0
006,LA BRIQUE SAPPORO Akarenga Terrace,直営店,20250515,￥0,0,￥0,0,￥0,0,￥0,0,￥0,0,￥0,0,￥0,0,￥0,0,￥0,0,￥0,0,￥0,0,￥0,0,￥0,0,￥0,0,￥0,0,￥0,0,￥0,0
006,LA BRIQUE SAPPORO Akarenga Terrace,直営店,20250516,￥0,0,￥0,0,￥0,0,￥0,0,￥0,0,￥0,0,￥0,0,￥0,0,￥0,0,￥0,0,￥0,0,￥0,0,￥0,0,￥0,0,￥0,0,￥0,0,￥0,0
006,LA BRIQUE SAPPORO Akarenga Terrace,直営店,20250517,￥0,0,￥0,0,￥0,0,￥0,0,￥0,0,￥0,0,￥0,0,￥0,0,￥0,0,￥0,0,￥0,0,￥0,0,￥0,0,￥0,0,￥0,0,￥0,0,￥0,0
006,LA BRIQUE SAPPORO Akarenga Terrace,直営店,20250518,￥0,0,￥0,0,￥0,0,￥0,0,￥0,0,￥0,0,￥0,0,￥0,0,￥0,0,￥0,0,￥0,0,￥0,0,￥0,0,￥0,0,￥0,0,￥0,0,￥0,0
006,LA BRIQUE SAPPORO Akarenga Terrace,直営店,20250519,￥0,0,￥0,0,￥0,0,￥0,0,￥0,0,￥0,0,￥0,0,￥0,0,￥0,0,￥0,0,￥0,0,￥0,0,￥0,0,￥0,0,￥0,0,￥0,0,￥0,0
006,LA BRIQUE SAPPORO Akarenga Terrace,直営店,20250520,￥0,0,￥0,0,￥0,0,￥0,0,￥0,0,￥0,0,￥0,0,￥0,0,￥0,0,￥0,0,￥0,0,￥0,0,￥0,0,￥0,0,￥0,0,￥0,0,￥0,0
006,LA BRIQUE SAPPORO Akarenga Terrace,直営店,20250521,￥0,0,￥0,0,￥0,0,￥0,0,￥0,0,￥0,0,￥0,0,￥0,0,￥0,0,￥0,0,￥0,0,￥0,0,￥0,0,￥0,0,￥0,0,￥0,0,￥0,0
006,LA BRIQUE SAPPORO Akarenga Terrace,直営店,20250522,￥0,0,￥0,0,￥0,0,￥0,0,￥0,0,￥0,0,￥0,0,￥0,0,￥0,0,￥0,0,￥0,0,￥0,0,￥0,0,￥0,0,￥0,0,￥0,0,￥0,0
006,LA BRIQUE SAPPORO Akarenga Terrace,直営店,20250523,￥0,0,￥0,0,￥0,0,￥0,0,￥0,0,￥0,0,￥0,0,￥0,0,￥0,0,￥0,0,￥0,0,￥0,0,￥0,0,￥0,0,￥0,0,￥0,0,￥0,0
006,LA BRIQUE SAPPORO Akarenga Terrace,直営店,20250524,￥0,0,￥0,0,￥0,0,￥0,0,￥0,0,￥0,0,￥0,0,￥0,0,￥0,0,￥0,0,￥0,0,￥0,0,￥0,0,￥0,0,￥0,0,￥0,0,￥0,0
006,LA BRIQUE SAPPORO Akarenga Terrace,直営店,20250525,￥0,0,￥0,0,￥0,0,￥0,0,￥0,0,￥0,0,￥0,0,￥0,0,￥0,0,￥0,0,￥0,0,￥0,0,￥0,0,￥0,0,￥0,0,￥0,0,￥0,0
006,LA BRIQUE SAPPORO Akarenga Terrace,直営店,20250526,￥0,0,￥0,0,￥0,0,￥0,0,￥0,0,￥0,0,￥0,0,￥0,0,￥0,0,￥0,0,￥0,0,￥0,0,￥0,0,￥0,0,￥0,0,￥0,0,￥0,0
006,LA BRIQUE SAPPORO Akarenga Terrace,直営店,20250527,￥0,0,￥0,0,￥0,0,￥0,0,￥0,0,￥0,0,￥0,0,￥0,0,￥0,0,￥0,0,￥0,0,￥0,0,￥0,0,￥0,0,￥0,0,￥0,0,￥0,0
006,LA BRIQUE SAPPORO Akarenga Terrace,直営店,20250528,￥0,0,￥0,0,￥0,0,￥0,0,￥0,0,￥0,0,￥0,0,￥0,0,￥0,0,￥0,0,￥0,0,￥0,0,￥0,0,￥0,0,￥0,0,￥0,0,￥0,0
006,LA BRIQUE SAPPORO Akarenga Terrace,直営店,20250529,￥0,0,￥0,0,￥0,0,￥0,0,￥0,0,￥0,0,￥0,0,￥0,0,￥0,0,￥0,0,￥0,0,￥0,0,￥0,0,￥0,0,￥0,0,￥0,0,￥0,0
006,LA BRIQUE SAPPORO Akarenga Terrace,直営店,20250530,￥0,0,￥0,0,￥0,0,￥0,0,￥0,0,￥0,0,￥0,0,￥0,0,￥0,0,￥0,0,￥0,0,￥0,0,￥0,0,￥0,0,￥0,0,￥0,0,￥0,0
006,LA BRIQUE SAPPORO Akarenga Terrace,直営店,20250531,￥0,0,￥0,0,￥0,0,￥0,0,￥0,0,￥0,0,￥0,0,￥0,0,￥0,0,￥0,0,￥0,0,￥0,0,￥0,0,￥0,0,￥0,0,￥0,0,￥0,0
006,LA BRIQUE SAPPORO Akarenga Terrace,直営店,20250601,￥0,0,￥0,0,￥0,0,￥0,0,￥0,0,￥0,0,￥0,0,￥0,0,￥0,0,￥0,0,￥0,0,￥0,0,￥0,0,￥0,0,￥0,0,￥0,0,￥0,0
006,LA BRIQUE SAPPORO Akarenga Terrace,直営店,20250602,￥0,0,￥0,0,￥0,0,￥0,0,￥0,0,￥0,0,￥0,0,￥0,0,￥0,0,￥0,0,￥0,0,￥0,0,￥0,0,￥0,0,￥0,0,￥0,0,￥0,0
006,LA BRIQUE SAPPORO Akarenga Terrace,直営店,20250603,￥0,0,￥0,0,￥0,0,￥0,0,￥0,0,￥0,0,￥0,0,￥0,0,￥0,0,￥0,0,￥0,0,￥0,0,￥0,0,￥0,0,￥0,0,￥0,0,￥0,0
006,LA BRIQUE SAPPORO Akarenga Terrace,直営店,20250604,￥0,0,￥0,0,￥0,0,￥0,0,￥0,0,￥0,0,￥0,0,￥0,0,￥0,0,￥0,0,￥0,0,￥0,0,￥0,0,￥0,0,￥0,0,￥0,0,￥0,0
006,LA BRIQUE SAPPORO Akarenga Terrace,直営店,20250605,￥0,0,￥0,0,￥0,0,￥0,0,￥0,0,￥0,0,￥0,0,￥0,0,￥0,0,￥0,0,￥0,0,￥0,0,￥0,0,￥0,0,￥0,0,￥0,0,￥0,0
006,LA BRIQUE SAPPORO Akarenga Terrace,直営店,20250606,￥0,0,￥0,0,￥0,0,￥0,0,￥0,0,￥0,0,￥0,0,￥0,0,￥0,0,￥0,0,￥0,0,￥0,0,￥0,0,￥0,0,￥0,0,￥0,0,￥0,0
006,LA BRIQUE SAPPORO Akarenga Terrace,直営店,20250607,￥0,0,￥0,0,￥0,0,￥0,0,￥0,0,￥0,0,￥0,0,￥0,0,￥0,0,￥0,0,￥0,0,￥0,0,￥0,0,￥0,0,￥0,0,￥0,0,￥0,0
006,LA BRIQUE SAPPORO Akarenga Terrace,直営店,20250608,￥0,0,￥0,0,￥0,0,￥0,0,￥0,0,￥0,0,￥0,0,￥0,0,￥0,0,￥0,0,￥0,0,￥0,0,￥0,0,￥0,0,￥0,0,￥0,0,￥0,0
006,LA BRIQUE SAPPORO Akarenga Terrace,直営店,20250609,￥0,0,￥0,0,￥0,0,￥0,0,￥0,0,￥0,0,￥0,0,￥0,0,￥0,0,￥0,0,￥0,0,￥0,0,￥0,0,￥0,0,￥0,0,￥0,0,￥0,0
006,LA BRIQUE SAPPORO Akarenga Terrace,直営店,20250610,￥0,0,￥0,0,￥0,0,￥0,0,￥0,0,￥0,0,￥0,0,￥0,0,￥0,0,￥0,0,￥0,0,￥0,0,￥0,0,￥0,0,￥0,0,￥0,0,￥0,0
006,LA BRIQUE SAPPORO Akarenga Terrace,直営店,20250611,￥0,0,￥0,0,￥0,0,￥0,0,￥0,0,￥0,0,￥0,0,￥0,0,￥0,0,￥0,0,￥0,0,￥0,0,￥0,0,￥0,0,￥0,0,￥0,0,￥0,0
006,LA BRIQUE SAPPORO Akarenga Terrace,直営店,20250612,￥0,0,￥0,0,￥0,0,￥0,0,￥0,0,￥0,0,￥0,0,￥0,0,￥0,0,￥0,0,￥0,0,￥0,0,￥0,0,￥0,0,￥0,0,￥0,0,￥0,0
006,LA BRIQUE SAPPORO Akarenga Terrace,直営店,20250613,￥0,0,￥0,0,￥0,0,￥0,0,￥0,0,￥0,0,￥0,0,￥0,0,￥0,0,￥0,0,￥0,0,￥0,0,￥0,0,￥0,0,￥0,0,￥0,0,￥0,0
006,LA BRIQUE SAPPORO Akarenga Terrace,直営店,20250614,￥0,0,￥0,0,￥0,0,￥0,0,￥0,0,￥0,0,￥0,0,￥0,0,￥0,0,￥0,0,￥0,0,￥0,0,￥0,0,￥0,0,￥6490,1,￥0,0,￥0,0
006,LA BRIQUE SAPPORO Akarenga Terrace,直営店,20250615,￥13024,1,￥0,0,￥0,0,￥0,0,￥0,0,￥0,0,￥0,0,￥0,0,￥0,0,￥0,0,￥0,0,￥0,0,￥0,0,￥0,0,￥0,0,￥0,0,￥0,0
006,LA BRIQUE SAPPORO Akarenga Terrace,直営店,20250616,￥0,0,￥0,0,￥0,0,￥0,0,￥0,0,￥0,0,￥0,0,￥0,0,￥0,0,￥0,0,￥0,0,￥0,0,￥0,0,￥0,0,￥0,0,￥0,0,￥0,0
006,LA BRIQUE SAPPORO Akarenga Terrace,直営店,20250617,￥0,0,￥0,0,￥0,0,￥0,0,￥0,0,￥0,0,￥0,0,￥0,0,￥0,0,￥0,0,￥0,0,￥0,0,￥0,0,￥0,0,￥0,0,￥0,0,￥0,0
006,LA BRIQUE SAPPORO Akarenga Terrace,直営店,20250618,￥0,0,￥0,0,￥0,0,￥0,0,￥0,0,￥0,0,￥0,0,￥0,0,￥0,0,￥0,0,￥0,0,￥0,0,￥0,0,￥0,0,￥0,0,￥0,0,￥0,0
006,LA BRIQUE SAPPORO Akarenga Terrace,直営店,20250619,￥0,0,￥0,0,￥0,0,￥0,0,￥0,0,￥0,0,￥0,0,￥0,0,￥0,0,￥0,0,￥0,0,￥0,0,￥0,0,￥0,0,￥0,0,￥0,0,￥0,0
006,LA BRIQUE SAPPORO Akarenga Terrace,直営店,20250620,￥0,0,￥0,0,￥0,0,￥0,0,￥0,0,￥0,0,￥0,0,￥0,0,￥0,0,￥0,0,￥0,0,￥0,0,￥0,0,￥0,0,￥0,0,￥0,0,￥0,0
006,LA BRIQUE SAPPORO Akarenga Terrace,直営店,20250621,￥0,0,￥0,0,￥0,0,￥0,0,￥0,0,￥0,0,￥0,0,￥0,0,￥0,0,￥0,0,￥0,0,￥0,0,￥0,0,￥0,0,￥0,0,￥0,0,￥0,0
006,LA BRIQUE SAPPORO Akarenga Terrace,直営店,20250622,￥0,0,￥0,0,￥0,0,￥0,0,￥0,0,￥0,0,￥0,0,￥0,0,￥0,0,￥0,0,￥0,0,￥0,0,￥0,0,￥0,0,￥0,0,￥0,0,￥0,0
006,LA BRIQUE SAPPORO Akarenga Terrace,直営店,20250623,￥39820,1,￥0,0,￥0,0,￥0,0,￥0,0,￥0,0,￥0,0,￥0,0,￥0,0,￥0,0,￥0,0,￥0,0,￥0,0,￥0,0,￥0,0,￥0,0,￥0,0
006,LA BRIQUE SAPPORO Akarenga Terrace,直営店,20250624,￥0,0,￥0,0,￥0,0,￥0,0,￥0,0,￥0,0,￥0,0,￥0,0,￥0,0,￥0,0,￥0,0,￥0,0,￥0,0,￥0,0,￥0,0,￥0,0,￥0,0
006,LA BRIQUE SAPPORO Akarenga Terrace,直営店,20250625,￥0,0,￥0,0,￥0,0,￥0,0,￥0,0,￥0,0,￥0,0,￥0,0,￥0,0,￥0,0,￥0,0,￥0,0,￥0,0,￥0,0,￥6490,1,￥0,0,￥0,0
006,LA BRIQUE SAPPORO Akarenga Terrace,直営店,20250626,￥0,0,￥0,0,￥0,0,￥0,0,￥0,0,￥0,0,￥0,0,￥0,0,￥0,0,￥0,0,￥0,0,￥0,0,￥0,0,￥0,0,￥0,0,￥0,0,￥0,0
006,LA BRIQUE SAPPORO Akarenga Terrace,直営店,20250627,￥0,0,￥0,0,￥0,0,￥0,0,￥0,0,￥0,0,￥0,0,￥0,0,￥0,0,￥0,0,￥0,0,￥0,0,￥0,0,￥0,0,￥0,0,￥0,0,￥0,0
006,LA BRIQUE SAPPORO Akarenga Terrace,直営店,20250628,￥0,0,￥0,0,￥0,0,￥0,0,￥0,0,￥0,0,￥0,0,￥0,0,￥0,0,￥0,0,￥0,0,￥0,0,￥0,0,￥0,0,￥0,0,￥0,0,￥0,0
006,LA BRIQUE SAPPORO Akarenga Terrace,直営店,20250629,￥0,0,￥0,0,￥0,0,￥0,0,￥0,0,￥0,0,￥0,0,￥0,0,￥0,0,￥0,0,￥0,0,￥0,0,￥0,0,￥0,0,￥0,0,￥0,0,￥0,0
006,LA BRIQUE SAPPORO Akarenga Terrace,直営店,20250630,￥0,0,￥0,0,￥0,0,￥0,0,￥0,0,￥0,0,￥0,0,￥0,0,￥0,0,￥0,0,￥0,0,￥0,0,￥0,0,￥0,0,￥0,0,￥0,0,￥0,0
006,LA BRIQUE SAPPORO Akarenga Terrace,直営店,20250701,￥0,0,￥0,0,￥0,0,￥0,0,￥0,0,￥0,0,￥0,0,￥0,0,￥0,0,￥0,0,￥0,0,￥0,0,￥0,0,￥0,0,￥0,0,￥0,0,￥0,0
006,LA BRIQUE SAPPORO Akarenga Terrace,直営店,20250702,￥0,0,￥0,0,￥0,0,￥0,0,￥0,0,￥0,0,￥0,0,￥0,0,￥0,0,￥0,0,￥0,0,￥0,0,￥0,0,￥0,0,￥0,0,￥0,0,￥0,0
006,LA BRIQUE SAPPORO Akarenga Terrace,直営店,20250703,￥0,0,￥0,0,￥0,0,￥0,0,￥0,0,￥0,0,￥0,0,￥0,0,￥0,0,￥0,0,￥0,0,￥0,0,￥0,0,￥0,0,￥0,0,￥0,0,￥0,0
006,LA BRIQUE SAPPORO Akarenga Terrace,直営店,20250704,￥0,0,￥0,0,￥0,0,￥0,0,￥0,0,￥0,0,￥0,0,￥0,0,￥0,0,￥0,0,￥0,0,￥0,0,￥0,0,￥0,0,￥0,0,￥0,0,￥0,0
006,LA BRIQUE SAPPORO Akarenga Terrace,直営店,20250705,￥0,0,￥0,0,￥0,0,￥0,0,￥0,0,￥0,0,￥0,0,￥0,0,￥0,0,￥0,0,￥0,0,￥0,0,￥0,0,￥0,0,￥0,0,￥0,0,￥0,0
006,LA BRIQUE SAPPORO Akarenga Terrace,直営店,20250706,￥0,0,￥0,0,￥0,0,￥0,0,￥0,0,￥0,0,￥0,0,￥0,0,￥0,0,￥0,0,￥0,0,￥0,0,￥0,0,￥0,0,￥0,0,￥0,0,￥0,0
006,LA BRIQUE SAPPORO Akarenga Terrace,直営店,20250707,￥0,0,￥0,0,￥0,0,￥0,0,￥0,0,￥0,0,￥0,0,￥0,0,￥0,0,￥0,0,￥0,0,￥0,0,￥0,0,￥0,0,￥0,0,￥0,0,￥0,0
006,LA BRIQUE SAPPORO Akarenga Terrace,直営店,20250708,￥0,0,￥0,0,￥0,0,￥0,0,￥0,0,￥0,0,￥0,0,￥0,0,￥0,0,￥0,0,￥0,0,￥0,0,￥0,0,￥0,0,￥0,0,￥0,0,￥0,0
006,LA BRIQUE SAPPORO Akarenga Terrace,直営店,20250709,￥0,0,￥0,0,￥0,0,￥0,0,￥0,0,￥0,0,￥0,0,￥0,0,￥0,0,￥0,0,￥0,0,￥0,0,￥0,0,￥0,0,￥11000,1,￥0,0,￥0,0
006,LA BRIQUE SAPPORO Akarenga Terrace,直営店,20250710,￥0,0,￥0,0,￥0,0,￥0,0,￥0,0,￥0,0,￥0,0,￥0,0,￥0,0,￥0,0,￥0,0,￥0,0,￥0,0,￥0,0,￥0,0,￥0,0,￥0,0
006,LA BRIQUE SAPPORO Akarenga Terrace,直営店,20250711,￥0,0,￥0,0,￥0,0,￥0,0,￥0,0,￥0,0,￥0,0,￥0,0,￥0,0,￥0,0,￥0,0,￥0,0,￥0,0,￥0,0,￥0,0,￥0,0,￥0,0
006,LA BRIQUE SAPPORO Akarenga Terrace,直営店,20250712,￥0,0,￥0,0,￥0,0,￥0,0,￥0,0,￥0,0,￥0,0,￥0,0,￥0,0,￥0,0,￥0,0,￥0,0,￥0,0,￥0,0,￥0,0,￥0,0,￥0,0
006,LA BRIQUE SAPPORO Akarenga Terrace,直営店,20250713,￥0,0,￥0,0,￥0,0,￥0,0,￥0,0,￥0,0,￥0,0,￥0,0,￥0,0,￥0,0,￥0,0,￥0,0,￥0,0,￥0,0,￥0,0,￥0,0,￥0,0
006,LA BRIQUE SAPPORO Akarenga Terrace,直営店,20250714,￥0,0,￥0,0,￥0,0,￥0,0,￥0,0,￥0,0,￥0,0,￥0,0,￥0,0,￥0,0,￥0,0,￥0,0,￥0,0,￥0,0,￥0,0,￥0,0,￥0,0
006,LA BRIQUE SAPPORO Akarenga Terrace,直営店,20250715,￥0,0,￥0,0,￥0,0,￥0,0,￥0,0,￥0,0,￥0,0,￥0,0,￥0,0,￥0,0,￥0,0,￥0,0,￥0,0,￥0,0,￥0,0,￥0,0,￥0,0
006,LA BRIQUE SAPPORO Akarenga Terrace,直営店,20250716,￥0,0,￥0,0,￥0,0,￥0,0,￥0,0,￥0,0,￥0,0,￥0,0,￥0,0,￥0,0,￥0,0,￥0,0,￥0,0,￥0,0,￥0,0,￥0,0,￥0,0
006,LA BRIQUE SAPPORO Akarenga Terrace,直営店,20250717,￥0,0,￥0,0,￥0,0,￥0,0,￥0,0,￥0,0,￥0,0,￥0,0,￥0,0,￥0,0,￥0,0,￥0,0,￥0,0,￥0,0,￥0,0,￥0,0,￥0,0
006,LA BRIQUE SAPPORO Akarenga Terrace,直営店,20250718,￥0,0,￥0,0,￥0,0,￥0,0,￥0,0,￥0,0,￥0,0,￥0,0,￥0,0,￥0,0,￥0,0,￥0,0,￥0,0,￥0,0,￥0,0,￥0,0,￥0,0
006,LA BRIQUE SAPPORO Akarenga Terrace,直営店,20250719,￥0,0,￥0,0,￥0,0,￥0,0,￥0,0,￥0,0,￥0,0,￥0,0,￥0,0,￥0,0,￥0,0,￥0,0,￥0,0,￥0,0,￥11000,1,￥0,0,￥0,0
006,LA BRIQUE SAPPORO Akarenga Terrace,直営店,20250720,￥0,0,￥0,0,￥0,0,￥0,0,￥0,0,￥0,0,￥0,0,￥0,0,￥0,0,￥0,0,￥0,0,￥0,0,￥0,0,￥0,0,￥0,0,￥0,0,￥0,0
006,LA BRIQUE SAPPORO Akarenga Terrace,直営店,20250721,￥0,0,￥0,0,￥0,0,￥0,0,￥0,0,￥0,0,￥0,0,￥0,0,￥0,0,￥0,0,￥0,0,￥0,0,￥0,0,￥0,0,￥0,0,￥0,0,￥0,0
006,LA BRIQUE SAPPORO Akarenga Terrace,直営店,20250722,￥0,0,￥0,0,￥0,0,￥0,0,￥0,0,￥0,0,￥0,0,￥0,0,￥0,0,￥0,0,￥0,0,￥0,0,￥0,0,￥0,0,￥0,0,￥0,0,￥0,0
006,LA BRIQUE SAPPORO Akarenga Terrace,直営店,20250723,￥0,0,￥0,0,￥0,0,￥0,0,￥0,0,￥0,0,￥0,0,￥0,0,￥0,0,￥0,0,￥0,0,￥0,0,￥0,0,￥0,0,￥0,0,￥0,0,￥0,0
006,LA BRIQUE SAPPORO Akarenga Terrace,直営店,20250724,￥0,0,￥0,0,￥0,0,￥0,0,￥0,0,￥0,0,￥0,0,￥0,0,￥0,0,￥0,0,￥0,0,￥0,0,￥0,0,￥0,0,￥0,0,￥0,0,￥0,0
006,LA BRIQUE SAPPORO Akarenga Terrace,直営店,20250725,￥0,0,￥0,0,￥0,0,￥0,0,￥0,0,￥0,0,￥0,0,￥0,0,￥0,0,￥0,0,￥0,0,￥0,0,￥0,0,￥0,0,￥0,0,￥0,0,￥0,0
006,LA BRIQUE SAPPORO Akarenga Terrace,直営店,20250726,￥0,0,￥0,0,￥0,0,￥0,0,￥0,0,￥0,0,￥0,0,￥0,0,￥0,0,￥0,0,￥0,0,￥0,0,￥0,0,￥0,0,￥0,0,￥0,0,￥0,0
006,LA BRIQUE SAPPORO Akarenga Terrace,直営店,20250727,￥6490,1,￥0,0,￥0,0,￥0,0,￥0,0,￥0,0,￥0,0,￥0,0,￥0,0,￥0,0,￥0,0,￥0,0,￥0,0,￥0,0,￥6820,1,￥0,0,￥0,0
006,LA BRIQUE SAPPORO Akarenga Terrace,直営店,20250728,￥0,0,￥0,0,￥0,0,￥0,0,￥0,0,￥0,0,￥0,0,￥0,0,￥0,0,￥0,0,￥0,0,￥0,0,￥0,0,￥0,0,￥0,0,￥0,0,￥0,0
006,LA BRIQUE SAPPORO Akarenga Terrace,直営店,20250729,￥0,0,￥0,0,￥0,0,￥0,0,￥0,0,￥0,0,￥0,0,￥0,0,￥0,0,￥0,0,￥0,0,￥0,0,￥0,0,￥0,0,￥0,0,￥0,0,￥0,0
006,LA BRIQUE SAPPORO Akarenga Terrace,直営店,20250730,￥0,0,￥0,0,￥0,0,￥24970,1,￥0,0,￥0,0,￥0,0,￥0,0,￥0,0,￥0,0,￥0,0,￥0,0,￥0,0,￥0,0,￥0,0,￥0,0,￥0,0
006,LA BRIQUE SAPPORO Akarenga Terrace,直営店,20250731,￥0,0,￥0,0,￥0,0,￥0,0,￥0,0,￥0,0,￥0,0,￥0,0,￥0,0,￥0,0,￥0,0,￥0,0,￥0,0,￥0,0,￥0,0,￥0,0,￥0,0
007,ルスツ羊蹄ぶた by BRIQUE,直営店,20250501,￥0,0,￥0,0,￥0,0,￥0,0,￥0,0,￥0,0,￥0,0,￥0,0,￥0,0,￥0,0,￥0,0,￥0,0,￥0,0,￥0,0,￥0,0,￥0,0,￥0,0
007,ルスツ羊蹄ぶた by BRIQUE,直営店,20250502,￥0,0,￥0,0,￥0,0,￥0,0,￥0,0,￥0,0,￥0,0,￥0,0,￥0,0,￥0,0,￥0,0,￥0,0,￥0,0,￥0,0,￥0,0,￥0,0,￥0,0
007,ルスツ羊蹄ぶた by BRIQUE,直営店,20250503,￥0,0,￥0,0,￥0,0,￥0,0,￥0,0,￥0,0,￥0,0,￥0,0,￥0,0,￥0,0,￥0,0,￥0,0,￥0,0,￥0,0,￥0,0,￥0,0,￥0,0
007,ルスツ羊蹄ぶた by BRIQUE,直営店,20250504,￥0,0,￥0,0,￥0,0,￥0,0,￥0,0,￥0,0,￥0,0,￥0,0,￥0,0,￥0,0,￥0,0,￥0,0,￥0,0,￥0,0,￥0,0,￥0,0,￥0,0
007,ルスツ羊蹄ぶた by BRIQUE,直営店,20250505,￥0,0,￥0,0,￥0,0,￥0,0,￥0,0,￥0,0,￥0,0,￥0,0,￥0,0,￥0,0,￥0,0,￥0,0,￥0,0,￥0,0,￥0,0,￥0,0,￥0,0
007,ルスツ羊蹄ぶた by BRIQUE,直営店,20250506,￥0,0,￥0,0,￥0,0,￥0,0,￥0,0,￥0,0,￥0,0,￥0,0,￥0,0,￥0,0,￥0,0,￥0,0,￥0,0,￥0,0,￥0,0,￥0,0,￥0,0
007,ルスツ羊蹄ぶた by BRIQUE,直営店,20250507,￥0,0,￥0,0,￥0,0,￥0,0,￥0,0,￥0,0,￥0,0,￥0,0,￥0,0,￥0,0,￥0,0,￥0,0,￥0,0,￥0,0,￥0,0,￥0,0,￥0,0
007,ルスツ羊蹄ぶた by BRIQUE,直営店,20250508,￥0,0,￥0,0,￥0,0,￥0,0,￥0,0,￥0,0,￥0,0,￥0,0,￥0,0,￥0,0,￥0,0,￥0,0,￥0,0,￥0,0,￥0,0,￥0,0,￥0,0
007,ルスツ羊蹄ぶた by BRIQUE,直営店,20250509,￥0,0,￥0,0,￥0,0,￥0,0,￥0,0,￥0,0,￥0,0,￥0,0,￥0,0,￥0,0,￥0,0,￥0,0,￥0,0,￥0,0,￥0,0,￥0,0,￥0,0
007,ルスツ羊蹄ぶた by BRIQUE,直営店,20250510,￥0,0,￥0,0,￥0,0,￥0,0,￥0,0,￥0,0,￥0,0,￥0,0,￥0,0,￥0,0,￥0,0,￥0,0,￥0,0,￥0,0,￥0,0,￥0,0,￥0,0
007,ルスツ羊蹄ぶた by BRIQUE,直営店,20250511,￥0,0,￥0,0,￥0,0,￥0,0,￥0,0,￥0,0,￥0,0,￥0,0,￥0,0,￥0,0,￥0,0,￥0,0,￥0,0,￥0,0,￥0,0,￥0,0,￥0,0
007,ルスツ羊蹄ぶた by BRIQUE,直営店,20250512,￥0,0,￥0,0,￥0,0,￥0,0,￥0,0,￥0,0,￥0,0,￥0,0,￥0,0,￥0,0,￥0,0,￥0,0,￥0,0,￥0,0,￥0,0,￥0,0,￥0,0
007,ルスツ羊蹄ぶた by BRIQUE,直営店,20250513,￥0,0,￥0,0,￥0,0,￥0,0,￥0,0,￥0,0,￥0,0,￥0,0,￥0,0,￥0,0,￥0,0,￥0,0,￥0,0,￥0,0,￥0,0,￥0,0,￥0,0
007,ルスツ羊蹄ぶた by BRIQUE,直営店,20250514,￥0,0,￥0,0,￥0,0,￥0,0,￥0,0,￥0,0,￥0,0,￥0,0,￥0,0,￥0,0,￥0,0,￥0,0,￥0,0,￥0,0,￥0,0,￥0,0,￥0,0
007,ルスツ羊蹄ぶた by BRIQUE,直営店,20250515,￥0,0,￥0,0,￥0,0,￥0,0,￥0,0,￥0,0,￥0,0,￥0,0,￥0,0,￥0,0,￥0,0,￥0,0,￥0,0,￥0,0,￥0,0,￥0,0,￥0,0
007,ルスツ羊蹄ぶた by BRIQUE,直営店,20250516,￥0,0,￥0,0,￥0,0,￥0,0,￥0,0,￥0,0,￥0,0,￥0,0,￥0,0,￥0,0,￥0,0,￥0,0,￥0,0,￥0,0,￥0,0,￥0,0,￥0,0
007,ルスツ羊蹄ぶた by BRIQUE,直営店,20250517,￥0,0,￥0,0,￥0,0,￥0,0,￥0,0,￥0,0,￥0,0,￥0,0,￥0,0,￥0,0,￥0,0,￥0,0,￥0,0,￥0,0,￥0,0,￥0,0,￥0,0
007,ルスツ羊蹄ぶた by BRIQUE,直営店,20250518,￥0,0,￥0,0,￥0,0,￥0,0,￥0,0,￥0,0,￥0,0,￥0,0,￥0,0,￥0,0,￥0,0,￥0,0,￥0,0,￥0,0,￥0,0,￥0,0,￥0,0
007,ルスツ羊蹄ぶた by BRIQUE,直営店,20250519,￥0,0,￥0,0,￥0,0,￥0,0,￥0,0,￥0,0,￥0,0,￥0,0,￥0,0,￥0,0,￥0,0,￥0,0,￥0,0,￥0,0,￥0,0,￥0,0,￥0,0
007,ルスツ羊蹄ぶた by BRIQUE,直営店,20250520,￥0,0,￥0,0,￥0,0,￥0,0,￥0,0,￥0,0,￥0,0,￥0,0,￥0,0,￥0,0,￥0,0,￥0,0,￥0,0,￥0,0,￥0,0,￥0,0,￥0,0
007,ルスツ羊蹄ぶた by BRIQUE,直営店,20250521,￥0,0,￥0,0,￥0,0,￥0,0,￥0,0,￥0,0,￥0,0,￥0,0,￥0,0,￥0,0,￥0,0,￥0,0,￥0,0,￥0,0,￥0,0,￥0,0,￥0,0
007,ルスツ羊蹄ぶた by BRIQUE,直営店,20250522,￥0,0,￥0,0,￥0,0,￥0,0,￥0,0,￥0,0,￥0,0,￥0,0,￥0,0,￥0,0,￥0,0,￥0,0,￥0,0,￥0,0,￥0,0,￥0,0,￥0,0
007,ルスツ羊蹄ぶた by BRIQUE,直営店,20250523,￥0,0,￥0,0,￥0,0,￥0,0,￥0,0,￥0,0,￥0,0,￥0,0,￥0,0,￥0,0,￥0,0,￥0,0,￥0,0,￥0,0,￥0,0,￥0,0,￥0,0
007,ルスツ羊蹄ぶた by BRIQUE,直営店,20250524,￥0,0,￥0,0,￥0,0,￥0,0,￥0,0,￥0,0,￥0,0,￥0,0,￥0,0,￥0,0,￥0,0,￥0,0,￥0,0,￥0,0,￥0,0,￥0,0,￥0,0
007,ルスツ羊蹄ぶた by BRIQUE,直営店,20250525,￥0,0,￥0,0,￥0,0,￥0,0,￥0,0,￥0,0,￥0,0,￥0,0,￥0,0,￥0,0,￥0,0,￥0,0,￥0,0,￥0,0,￥0,0,￥0,0,￥0,0
007,ルスツ羊蹄ぶた by BRIQUE,直営店,20250526,￥0,0,￥0,0,￥0,0,￥0,0,￥0,0,￥0,0,￥0,0,￥0,0,￥0,0,￥0,0,￥0,0,￥0,0,￥0,0,￥0,0,￥0,0,￥0,0,￥0,0
007,ルスツ羊蹄ぶた by BRIQUE,直営店,20250527,￥0,0,￥0,0,￥0,0,￥0,0,￥0,0,￥0,0,￥0,0,￥0,0,￥0,0,￥0,0,￥0,0,￥0,0,￥0,0,￥0,0,￥0,0,￥0,0,￥0,0
007,ルスツ羊蹄ぶた by BRIQUE,直営店,20250528,￥0,0,￥0,0,￥0,0,￥0,0,￥0,0,￥0,0,￥0,0,￥0,0,￥0,0,￥0,0,￥0,0,￥0,0,￥0,0,￥0,0,￥0,0,￥0,0,￥0,0
007,ルスツ羊蹄ぶた by BRIQUE,直営店,20250529,￥0,0,￥0,0,￥0,0,￥0,0,￥0,0,￥0,0,￥0,0,￥0,0,￥0,0,￥0,0,￥0,0,￥0,0,￥0,0,￥0,0,￥0,0,￥0,0,￥0,0
007,ルスツ羊蹄ぶた by BRIQUE,直営店,20250530,￥0,0,￥0,0,￥0,0,￥0,0,￥0,0,￥0,0,￥0,0,￥0,0,￥0,0,￥0,0,￥0,0,￥0,0,￥0,0,￥0,0,￥0,0,￥0,0,￥0,0
007,ルスツ羊蹄ぶた by BRIQUE,直営店,20250531,￥0,0,￥0,0,￥0,0,￥0,0,￥0,0,￥0,0,￥0,0,￥0,0,￥0,0,￥0,0,￥0,0,￥0,0,￥0,0,￥0,0,￥0,0,￥0,0,￥0,0
007,ルスツ羊蹄ぶた by BRIQUE,直営店,20250601,￥0,0,￥0,0,￥0,0,￥0,0,￥0,0,￥0,0,￥0,0,￥0,0,￥0,0,￥0,0,￥0,0,￥0,0,￥0,0,￥0,0,￥0,0,￥0,0,￥0,0
007,ルスツ羊蹄ぶた by BRIQUE,直営店,20250602,￥0,0,￥0,0,￥0,0,￥0,0,￥0,0,￥0,0,￥0,0,￥0,0,￥0,0,￥0,0,￥0,0,￥0,0,￥0,0,￥0,0,￥0,0,￥0,0,￥0,0
007,ルスツ羊蹄ぶた by BRIQUE,直営店,20250603,￥800,1,￥11350,6,￥1600,1,￥4800,3,￥0,0,￥1500,1,￥0,0,￥0,0,￥0,0,￥0,0,￥0,0,￥0,0,￥0,0,￥0,0,￥3200,3,￥0,0,￥0,0
007,ルスツ羊蹄ぶた by BRIQUE,直営店,20250604,￥0,0,￥0,0,￥0,0,￥0,0,￥0,0,￥1500,1,￥0,0,￥0,0,￥0,0,￥0,0,￥0,0,￥0,0,￥0,0,￥0,0,￥29800,23,￥3000,2,￥0,0
007,ルスツ羊蹄ぶた by BRIQUE,直営店,20250605,￥0,0,￥0,0,￥0,0,￥0,0,￥0,0,￥0,0,￥0,0,￥0,0,￥0,0,￥0,0,￥0,0,￥0,0,￥0,0,￥0,0,￥27000,21,￥0,0,￥0,0
007,ルスツ羊蹄ぶた by BRIQUE,直営店,20250606,￥0,0,￥0,0,￥1500,1,￥1500,1,￥0,0,￥0,0,￥0,0,￥0,0,￥0,0,￥0,0,￥0,0,￥0,0,￥0,0,￥0,0,￥26850,29,￥0,0,￥0,0
007,ルスツ羊蹄ぶた by BRIQUE,直営店,20250607,￥0,0,￥4500,1,￥1900,1,￥1000,1,￥0,0,￥3500,4,￥0,0,￥400,1,￥0,0,￥0,0,￥0,0,￥0,0,￥0,0,￥0,0,￥36030,28,￥0,0,￥0,0
007,ルスツ羊蹄ぶた by BRIQUE,直営店,20250608,￥8700,4,￥1900,1,￥1500,1,￥1000,1,￥0,0,￥3000,2,￥0,0,￥0,0,￥0,0,￥0,0,￥0,0,￥0,0,￥0,0,￥0,0,￥22700,17,￥0,0,￥0,0
007,ルスツ羊蹄ぶた by BRIQUE,直営店,20250609,￥0,0,￥0,0,￥0,0,￥0,0,￥0,0,￥0,0,￥0,0,￥0,0,￥0,0,￥0,0,￥0,0,￥0,0,￥0,0,￥0,0,￥30500,25,￥0,0,￥0,0
007,ルスツ羊蹄ぶた by BRIQUE,直営店,20250610,￥0,0,￥3100,1,￥0,0,￥0,0,￥0,0,￥0,0,￥0,0,￥0,0,￥0,0,￥0,0,￥0,0,￥0,0,￥0,0,￥0,0,￥20500,15,￥0,0,￥0,0
007,ルスツ羊蹄ぶた by BRIQUE,直営店,20250611,￥1500,2,￥1000,1,￥0,0,￥0,0,￥0,0,￥0,0,￥0,0,￥1000,1,￥0,0,￥0,0,￥0,0,￥0,0,￥0,0,￥0,0,￥28580,14,￥0,0,￥0,0
007,ルスツ羊蹄ぶた by BRIQUE,直営店,20250612,￥0,0,￥0,0,￥0,0,￥0,0,￥0,0,￥0,0,￥0,0,￥0,0,￥0,0,￥0,0,￥0,0,￥0,0,￥0,0,￥0,0,￥24900,19,￥0,0,￥0,0
007,ルスツ羊蹄ぶた by BRIQUE,直営店,20250613,￥4100,3,￥3000,3,￥550,1,￥3700,3,￥0,0,￥400,1,￥0,0,￥0,0,￥0,0,￥0,0,￥0,0,￥0,0,￥0,0,￥0,0,￥41650,30,￥0,0,￥0,0
007,ルスツ羊蹄ぶた by BRIQUE,直営店,20250614,￥0,0,￥0,0,￥0,0,￥0,0,￥0,0,￥0,0,￥0,0,￥0,0,￥0,0,￥0,0,￥0,0,￥0,0,￥0,0,￥0,0,￥39740,30,￥0,0,￥0,0
007,ルスツ羊蹄ぶた by BRIQUE,直営店,20250615,￥3600,2,￥0,0,￥600,1,￥400,1,￥0,0,￥0,0,￥0,0,￥0,0,￥0,0,￥0,0,￥0,0,￥0,0,￥0,0,￥0,0,￥33050,22,￥0,0,￥0,0
007,ルスツ羊蹄ぶた by BRIQUE,直営店,20250616,￥0,0,￥0,0,￥0,0,￥2600,2,￥0,0,￥1100,1,￥0,0,￥0,0,￥0,0,￥0,0,￥0,0,￥0,0,￥0,0,￥0,0,￥15950,11,￥0,0,￥0,0
007,ルスツ羊蹄ぶた by BRIQUE,直営店,20250617,￥3100,1,￥5000,3,￥1000,1,￥2700,2,￥0,0,￥1200,1,￥0,0,￥2280,1,￥0,0,￥0,0,￥0,0,￥0,0,￥0,0,￥0,0,￥11130,8,￥0,0,￥0,0
007,ルスツ羊蹄ぶた by BRIQUE,直営店,20250618,￥0,0,￥2800,1,￥0,0,￥2050,2,￥0,0,￥0,0,￥0,0,￥0,0,￥0,0,￥0,0,￥0,0,￥0,0,￥0,0,￥0,0,￥20200,16,￥0,0,￥0,0
007,ルスツ羊蹄ぶた by BRIQUE,直営店,20250619,￥0,0,￥1400,2,￥800,2,￥1500,1,￥0,0,￥3500,2,￥0,0,￥0,0,￥0,0,￥0,0,￥0,0,￥0,0,￥0,0,￥0,0,￥18630,11,￥0,0,￥0,0
007,ルスツ羊蹄ぶた by BRIQUE,直営店,20250620,￥400,1,￥21310,26,￥0,0,￥0,0,￥0,0,￥0,0,￥0,0,￥0,0,￥0,0,￥0,0,￥0,0,￥0,0,￥0,0,￥0,0,￥32100,26,￥0,0,￥0,0
007,ルスツ羊蹄ぶた by BRIQUE,直営店,20250621,￥0,0,￥0,0,￥0,0,￥1600,1,￥0,0,￥0,0,￥0,0,￥0,0,￥0,0,￥0,0,￥0,0,￥0,0,￥0,0,￥0,0,￥32150,24,￥600,1,￥0,0
007,ルスツ羊蹄ぶた by BRIQUE,直営店,20250622,￥0,0,￥0,0,￥1500,1,￥1000,1,￥0,0,￥0,0,￥0,0,￥0,0,￥0,0,￥0,0,￥0,0,￥0,0,￥0,0,￥0,0,￥32200,23,￥0,0,￥0,0
007,ルスツ羊蹄ぶた by BRIQUE,直営店,20250623,￥0,0,￥3200,1,￥0,0,￥0,0,￥0,0,￥0,0,￥0,0,￥0,0,￥0,0,￥0,0,￥0,0,￥0,0,￥0,0,￥0,0,￥11000,7,￥0,0,￥0,0
007,ルスツ羊蹄ぶた by BRIQUE,直営店,20250624,￥2760,2,￥2200,4,￥4500,1,￥0,0,￥0,0,￥0,0,￥0,0,￥0,0,￥0,0,￥0,0,￥0,0,￥0,0,￥0,0,￥0,0,￥14600,10,￥0,0,￥1600,1
007,ルスツ羊蹄ぶた by BRIQUE,直営店,20250625,￥0,0,￥0,0,￥0,0,￥0,0,￥0,0,￥0,0,￥0,0,￥0,0,￥0,0,￥0,0,￥0,0,￥0,0,￥0,0,￥0,0,￥30050,18,￥0,0,￥0,0
007,ルスツ羊蹄ぶた by BRIQUE,直営店,20250626,￥0,0,￥0,0,￥0,0,￥0,0,￥0,0,￥0,0,￥0,0,￥0,0,￥0,0,￥0,0,￥0,0,￥0,0,￥0,0,￥0,0,￥21634,18,￥0,0,￥0,0
007,ルスツ羊蹄ぶた by BRIQUE,直営店,20250627,￥4000,4,￥4200,9,￥1500,1,￥1400,1,￥0,0,￥1200,3,￥0,0,￥0,0,￥0,0,￥0,0,￥0,0,￥0,0,￥0,0,￥0,0,￥18450,14,￥0,0,￥0,0
007,ルスツ羊蹄ぶた by BRIQUE,直営店,20250628,￥0,0,￥0,0,￥0,0,￥1350,1,￥0,0,￥0,0,￥0,0,￥1900,1,￥0,0,￥0,0,￥0,0,￥0,0,￥0,0,￥0,0,￥27900,21,￥600,1,￥0,0
007,ルスツ羊蹄ぶた by BRIQUE,直営店,20250629,￥1500,1,￥5230,3,￥500,1,￥0,0,￥0,0,￥2050,1,￥0,0,￥0,0,￥0,0,￥0,0,￥0,0,￥0,0,￥0,0,￥0,0,￥30250,23,￥0,0,￥0,0
007,ルスツ羊蹄ぶた by BRIQUE,直営店,20250630,￥0,0,￥0,0,￥400,1,￥0,0,￥0,0,￥0,0,￥0,0,￥0,0,￥0,0,￥0,0,￥0,0,￥0,0,￥0,0,￥0,0,￥29450,20,￥0,0,￥0,0
007,ルスツ羊蹄ぶた by BRIQUE,直営店,20250701,￥0,0,￥0,0,￥0,0,￥0,0,￥0,0,￥0,0,￥0,0,￥0,0,￥0,0,￥0,0,￥0,0,￥0,0,￥0,0,￥0,0,￥26150,19,￥0,0,￥0,0
007,ルスツ羊蹄ぶた by BRIQUE,直営店,20250702,￥0,0,￥0,0,￥0,0,￥0,0,￥0,0,￥0,0,￥0,0,￥0,0,￥0,0,￥0,0,￥0,0,￥0,0,￥0,0,￥0,0,￥37850,26,￥0,0,￥0,0
007,ルスツ羊蹄ぶた by BRIQUE,直営店,20250703,￥0,0,￥0,0,￥0,0,￥0,0,￥0,0,￥0,0,￥0,0,￥1000,1,￥0,0,￥0,0,￥0,0,￥0,0,￥0,0,￥0,0,￥21280,20,￥0,0,￥0,0
007,ルスツ羊蹄ぶた by BRIQUE,直営店,20250704,￥0,0,￥6600,7,￥1900,1,￥1000,2,￥0,0,￥0,0,￥0,0,￥0,0,￥0,0,￥0,0,￥0,0,￥0,0,￥0,0,￥0,0,￥40650,30,￥0,0,￥0,0
007,ルスツ羊蹄ぶた by BRIQUE,直営店,20250705,￥0,0,￥0,0,￥0,0,￥0,0,￥0,0,￥1500,1,￥0,0,￥0,0,￥0,0,￥0,0,￥0,0,￥0,0,￥0,0,￥0,0,￥46750,39,￥2200,1,￥0,0
007,ルスツ羊蹄ぶた by BRIQUE,直営店,20250706,￥0,0,￥0,0,￥1200,1,￥1500,1,￥0,0,￥500,1,￥0,0,￥0,0,￥0,0,￥0,0,￥0,0,￥0,0,￥0,0,￥0,0,￥38530,28,￥0,0,￥0,0
007,ルスツ羊蹄ぶた by BRIQUE,直営店,20250707,￥0,0,￥0,0,￥0,0,￥0,0,￥0,0,￥0,0,￥0,0,￥0,0,￥0,0,￥0,0,￥0,0,￥0,0,￥0,0,￥0,0,￥27130,20,￥0,0,￥0,0
007,ルスツ羊蹄ぶた by BRIQUE,直営店,20250708,￥2600,2,￥3200,3,￥0,0,￥0,0,￥0,0,￥3000,1,￥0,0,￥1000,1,￥0,0,￥0,0,￥0,0,￥0,0,￥0,0,￥0,0,￥20700,12,￥0,0,￥0,0
007,ルスツ羊蹄ぶた by BRIQUE,直営店,20250709,￥0,0,￥980,1,￥0,0,￥4700,2,￥0,0,￥0,0,￥0,0,￥0,0,￥0,0,￥0,0,￥0,0,￥0,0,￥0,0,￥0,0,￥26400,18,￥0,0,￥0,0
007,ルスツ羊蹄ぶた by BRIQUE,直営店,20250710,￥0,0,￥0,0,￥0,0,￥0,0,￥0,0,￥0,0,￥0,0,￥0,0,￥0,0,￥0,0,￥0,0,￥0,0,￥0,0,￥0,0,￥34000,26,￥0,0,￥0,0
007,ルスツ羊蹄ぶた by BRIQUE,直営店,20250711,￥3200,5,￥6400,7,￥0,0,￥1700,1,￥0,0,￥4600,5,￥0,0,￥0,0,￥0,0,￥0,0,￥0,0,￥0,0,￥0,0,￥0,0,￥43850,30,￥0,0,￥0,0
007,ルスツ羊蹄ぶた by BRIQUE,直営店,20250712,￥0,0,￥0,0,￥0,0,￥1600,1,￥0,0,￥5000,3,￥0,0,￥1900,1,￥0,0,￥0,0,￥0,0,￥0,0,￥0,0,￥0,0,￥27839,22,￥1500,1,￥0,0
007,ルスツ羊蹄ぶた by BRIQUE,直営店,20250713,￥0,0,￥0,0,￥2300,2,￥7300,5,￥0,0,￥0,0,￥0,0,￥0,0,￥0,0,￥0,0,￥0,0,￥0,0,￥0,0,￥0,0,￥27600,18,￥0,0,￥0,0
007,ルスツ羊蹄ぶた by BRIQUE,直営店,20250714,￥400,1,￥1600,1,￥0,0,￥0,0,￥0,0,￥1200,1,￥0,0,￥0,0,￥0,0,￥0,0,￥0,0,￥0,0,￥0,0,￥0,0,￥15150,11,￥0,0,￥0,0
007,ルスツ羊蹄ぶた by BRIQUE,直営店,20250715,￥0,0,￥0,0,￥0,0,￥2100,1,￥0,0,￥0,0,￥0,0,￥0,0,￥0,0,￥0,0,￥0,0,￥0,0,￥0,0,￥0,0,￥26750,22,￥1750,1,￥0,0
007,ルスツ羊蹄ぶた by BRIQUE,直営店,20250716,￥0,0,￥900,1,￥0,0,￥0,0,￥0,0,￥0,0,￥0,0,￥0,0,￥0,0,￥0,0,￥0,0,￥0,0,￥0,0,￥0,0,￥40000,28,￥0,0,￥0,0
007,ルスツ羊蹄ぶた by BRIQUE,直営店,20250717,￥0,0,￥3200,4,￥0,0,￥0,0,￥0,0,￥0,0,￥0,0,￥0,0,￥0,0,￥0,0,￥0,0,￥0,0,￥0,0,￥0,0,￥38600,28,￥0,0,￥0,0
007,ルスツ羊蹄ぶた by BRIQUE,直営店,20250718,￥3300,3,￥10520,8,￥1000,1,￥600,1,￥0,0,￥1200,2,￥0,0,￥0,0,￥0,0,￥0,0,￥0,0,￥0,0,￥0,0,￥0,0,￥32100,25,￥0,0,￥0,0
007,ルスツ羊蹄ぶた by BRIQUE,直営店,20250719,￥1600,1,￥15500,9,￥5000,3,￥5100,3,￥0,0,￥2830,2,￥0,0,￥0,0,￥0,0,￥0,0,￥0,0,￥0,0,￥0,0,￥0,0,￥19950,14,￥0,0,￥0,0
007,ルスツ羊蹄ぶた by BRIQUE,直営店,20250720,￥0,0,￥0,0,￥0,0,￥1600,1,￥0,0,￥0,0,￥0,0,￥0,0,￥0,0,￥0,0,￥0,0,￥0,0,￥0,0,￥0,0,￥28100,20,￥0,0,￥0,0
007,ルスツ羊蹄ぶた by BRIQUE,直営店,20250721,￥0,0,￥0,0,￥0,0,￥2400,1,￥0,0,￥0,0,￥0,0,￥0,0,￥0,0,￥0,0,￥0,0,￥0,0,￥0,0,￥0,0,￥33550,27,￥0,0,￥0,0
007,ルスツ羊蹄ぶた by BRIQUE,直営店,20250722,￥0,0,￥0,0,￥1500,1,￥800,1,￥0,0,￥0,0,￥0,0,￥0,0,￥0,0,￥0,0,￥0,0,￥0,0,￥0,0,￥0,0,￥15850,12,￥0,0,￥0,0
007,ルスツ羊蹄ぶた by BRIQUE,直営店,20250723,￥0,0,￥2600,1,￥0,0,￥0,0,￥0,0,￥0,0,￥0,0,￥0,0,￥0,0,￥0,0,￥0,0,￥0,0,￥0,0,￥0,0,￥31730,23,￥0,0,￥0,0
007,ルスツ羊蹄ぶた by BRIQUE,直営店,20250724,￥0,0,￥0,0,￥0,0,￥0,0,￥0,0,￥0,0,￥0,0,￥0,0,￥0,0,￥0,0,￥0,0,￥0,0,￥0,0,￥0,0,￥21100,17,￥0,0,￥0,0
007,ルスツ羊蹄ぶた by BRIQUE,直営店,20250725,￥0,0,￥0,0,￥0,0,￥0,0,￥0,0,￥0,0,￥0,0,￥0,0,￥0,0,￥0,0,￥0,0,￥0,0,￥0,0,￥0,0,￥72990,90,￥0,0,￥0,0
007,ルスツ羊蹄ぶた by BRIQUE,直営店,20250726,￥0,0,￥0,0,￥800,1,￥0,0,￥0,0,￥4350,5,￥0,0,￥0,0,￥0,0,￥0,0,￥0,0,￥0,0,￥0,0,￥0,0,￥49490,36,￥0,0,￥0,0
007,ルスツ羊蹄ぶた by BRIQUE,直営店,20250727,￥0,0,￥0,0,￥0,0,￥2000,2,￥0,0,￥9350,5,￥0,0,￥0,0,￥0,0,￥0,0,￥0,0,￥0,0,￥0,0,￥0,0,￥62050,40,￥0,0,￥0,0
007,ルスツ羊蹄ぶた by BRIQUE,直営店,20250728,￥0,0,￥0,0,￥0,0,￥0,0,￥0,0,￥0,0,￥0,0,￥0,0,￥0,0,￥0,0,￥0,0,￥0,0,￥0,0,￥0,0,￥15950,10,￥0,0,￥0,0
007,ルスツ羊蹄ぶた by BRIQUE,直営店,20250729,￥0,0,￥0,0,￥1000,1,￥0,0,￥0,0,￥1200,2,￥0,0,￥0,0,￥0,0,￥0,0,￥0,0,￥0,0,￥0,0,￥0,0,￥22700,15,￥0,0,￥0,0
007,ルスツ羊蹄ぶた by BRIQUE,直営店,20250730,￥5850,3,￥1000,1,￥0,0,￥1200,1,￥0,0,￥0,0,￥0,0,￥0,0,￥0,0,￥0,0,￥0,0,￥0,0,￥0,0,￥0,0,￥32050,17,￥0,0,￥0,0
007,ルスツ羊蹄ぶた by BRIQUE,直営店,20250731,￥0,0,￥0,0,￥1700,1,￥0,0,￥0,0,￥1650,1,￥0,0,￥600,1,￥0,0,￥0,0,￥0,0,￥0,0,￥0,0,￥0,0,￥24950,17,￥0,0,￥0,0
